,legacy_id,is_returning,is_renting,is_installed,last_reported,num_docks_disabled,station_id,num_bikes_disabled,eightd_has_available_keys,num_ebikes_available,num_bikes_available,num_docks_available,station_status
0,72,1,1,1,1612687047,0,72,0,False,3,6,49,active
1,79,1,1,1,1612699173,0,79,1,False,6,31,1,active
2,82,1,1,1,1612680147,0,82,1,False,0,3,23,active
3,83,1,1,1,1612686192,0,83,0,False,4,54,8,active
4,116,1,1,1,1612697997,0,116,1,False,2,12,37,active
5,119,1,1,1,1612687239,0,119,1,False,0,13,39,active
6,120,1,1,1,1612678940,0,120,0,False,3,4,15,active
7,127,1,1,1,1612680147,0,127,2,False,1,27,2,active
8,128,1,1,1,1612680148,0,128,2,False,10,50,4,active
9,143,1,1,1,1612684814,0,143,2,False,0,3,19,active
10,144,1,1,1,1612688594,0,144,1,False,0,53,4,active
11,146,1,1,1,1612698929,0,146,2,False,3,22,15,active
12,150,1,1,1,1612694506,0,150,2,False,2,14,39,active
13,151,1,1,1,1612687229,0,151,1,False,0,17,15,active
14,152,1,1,1,1612691004,0,152,0,False,1,15,34,active
15,157,1,1,1,1612678940,1,157,1,False,4,11,10,active
16,161,1,1,1,1612687658,0,161,3,False,4,30,2,active
17,164,1,1,1,1612683765,0,164,2,False,0,0,45,active
18,168,1,1,1,1612680293,0,168,1,False,1,16,30,active
19,173,1,1,1,1612696465,0,173,0,False,0,1,69,active
20,174,1,1,1,1612697560,0,174,2,False,0,3,30,active
21,212,1,1,1,1612699121,0,212,1,False,1,28,31,active
22,216,1,1,1,1612678941,0,216,0,False,2,5,32,active
23,217,0,0,1,1612678942,0,217,1,False,4,35,3,active
24,223,1,1,1,1612697914,0,223,3,False,6,29,1,active
25,224,1,1,1,1612681139,0,224,1,False,1,3,30,active
26,228,1,1,1,1612681353,0,228,0,False,0,0,55,active
27,229,1,1,1,1612680147,0,229,2,False,0,12,9,active
28,232,1,1,1,1612697848,0,232,0,False,1,5,47,active
29,236,1,1,1,1612681202,0,236,2,False,5,32,17,active
30,237,1,1,1,1612696227,0,237,2,False,0,19,18,active
31,238,1,1,1,1612684569,0,238,6,False,0,23,2,active
32,239,1,1,1,1612678940,0,239,0,False,0,5,26,active
33,241,1,1,1,1612698488,0,241,0,False,0,5,18,active
34,242,1,1,1,1612690746,0,242,4,False,0,25,17,active
35,244,1,1,1,1612698916,0,244,0,False,5,7,24,active
36,245,1,1,1,1612681354,0,245,2,False,0,8,69,active
37,247,1,1,1,1612687008,0,247,3,False,2,72,4,active
38,248,1,1,1,1612680147,0,248,0,False,0,13,78,active
39,249,1,1,1,1612687655,0,249,1,False,0,18,8,active
40,250,1,1,1,1612698203,0,250,1,False,1,11,28,active
41,251,1,1,1,1612698318,0,251,1,False,1,24,2,active
42,252,1,1,1,1612696851,0,252,3,False,0,25,5,active
43,254,1,1,1,1612680147,0,254,11,False,2,35,1,active
44,257,1,1,1,1612693915,0,257,2,False,3,42,35,active
45,258,1,1,1,1612678940,0,258,0,False,0,3,20,active
46,259,1,1,1,1612688711,0,259,2,False,1,27,10,active
47,260,1,1,1,1612678940,0,260,0,False,0,19,14,active
48,261,1,1,1,1612678940,0,261,1,False,2,18,22,active
49,262,1,1,1,1612699140,0,262,1,False,0,2,21,active
50,264,1,1,1,1612678941,0,264,2,False,0,14,11,active
51,265,1,1,1,1612692215,0,265,3,False,2,5,27,active
52,267,1,1,1,1612699017,0,267,0,False,0,4,74,active
53,268,1,1,1,1612698978,0,268,1,False,2,13,13,active
54,270,1,1,1,1612693306,0,270,2,False,6,13,13,active
55,274,1,1,1,1612678941,0,274,0,False,3,10,21,active
56,275,1,1,1,1612680120,0,275,1,False,0,1,17,active
57,276,1,1,1,1612681409,0,276,0,False,1,18,7,active
58,278,1,1,1,1612685169,0,278,1,False,5,8,10,active
59,280,0,0,0,86400,0,280,0,False,0,0,0,out_of_service
60,281,1,1,1,1612691356,0,281,9,False,0,4,53,active
61,282,1,1,1,1612681353,0,282,4,False,1,9,14,active
62,284,1,1,1,1612686179,0,284,3,False,0,31,17,active
63,285,1,1,1,1612698848,0,285,2,False,3,33,18,active
64,289,1,1,1,1612699009,0,289,0,False,5,8,11,active
65,291,1,1,1,1612681352,0,291,0,False,0,16,4,active
66,293,1,1,1,1612698983,0,293,0,False,6,42,12,active
67,295,1,1,1,1612683721,0,295,1,False,0,9,14,active
68,297,1,1,1,1612681353,0,297,3,False,2,19,55,active
69,298,1,1,1,1612678941,0,298,0,False,1,10,25,active
70,301,1,1,1,1612693695,0,301,1,False,4,22,35,active
71,302,1,1,1,1612698192,0,302,0,False,1,8,29,active
72,303,1,1,1,1612694439,0,303,0,False,0,53,14,active
73,304,1,1,1,1612697373,0,304,0,False,3,12,21,active
74,305,1,1,1,1612691835,0,305,0,False,0,2,31,active
75,307,1,1,1,1612699159,0,307,3,False,7,24,3,active
76,308,1,1,1,1612697766,0,308,0,False,2,31,17,active
77,309,1,1,1,1612698875,0,309,0,False,1,19,22,active
78,310,1,1,1,1612678940,0,310,0,False,0,24,42,active
79,311,1,1,1,1612681781,0,311,1,False,0,8,22,active
80,312,1,1,1,1612698389,0,312,1,False,3,13,19,active
81,313,1,1,1,1612679454,0,313,4,False,1,14,37,active
82,315,1,1,1,1612690060,0,315,1,False,1,18,9,active
83,316,1,1,1,1612680147,0,316,2,False,2,22,19,active
84,317,1,1,1,1612686915,0,317,4,False,7,30,33,active
85,319,1,1,1,1612689179,0,319,1,False,0,11,21,active
86,320,1,1,1,1612699167,0,320,2,False,2,28,24,active
87,321,1,1,1,1612697609,0,321,2,False,1,26,11,active
88,323,1,1,1,1612682442,0,323,0,False,0,0,39,active
89,324,1,1,1,1612678940,0,324,0,False,0,58,16,active
90,325,1,1,1,1612699003,0,325,1,False,2,9,25,active
91,326,1,1,1,1612685969,0,326,2,False,2,17,22,active
92,327,1,1,1,1612699097,0,327,0,False,0,17,22,active
93,328,1,1,1,1612680146,0,328,3,False,0,12,20,active
94,330,1,1,1,1612683640,0,330,2,False,1,7,33,active
95,331,1,1,1,1612697174,0,331,0,False,1,7,20,active
96,332,1,1,1,1612698527,0,332,1,False,0,4,31,active
97,334,1,1,1,1612699015,0,334,2,False,1,10,32,active
98,335,1,1,1,1612696326,0,335,1,False,2,18,8,active
99,336,1,1,1,1612680146,0,336,4,False,0,27,5,active
100,340,1,1,1,1612698354,0,340,0,False,1,12,15,active
101,341,1,1,1,1612698218,0,341,1,False,3,8,10,active
102,342,1,1,1,1612698600,0,342,1,False,1,20,8,active
103,343,1,1,1,1612678940,0,343,0,False,0,12,11,active
104,344,1,1,1,1612679940,0,344,1,False,1,5,17,active
105,346,1,1,1,1612697457,0,346,0,False,0,25,2,active
106,347,1,1,1,1612698308,0,347,2,False,13,39,13,active
107,349,1,1,1,1612684517,0,349,2,False,2,10,49,active
108,350,1,1,1,1612695883,0,350,0,False,9,13,34,active
109,351,1,1,1,1612686271,0,351,2,False,2,10,27,active
110,353,1,1,1,1612678941,0,353,1,False,0,9,17,active
111,354,1,1,1,1612684973,0,354,0,False,1,8,39,active
112,355,1,1,1,1612681353,0,355,2,False,6,29,12,active
113,356,1,1,1,1612682852,0,356,0,False,7,14,9,active
114,358,1,1,1,1612680147,0,358,4,False,18,46,0,active
115,359,1,1,1,1612699050,0,359,2,False,0,0,76,active
116,360,1,1,1,1612694684,0,360,2,False,8,20,17,active
117,361,1,1,1,1612698476,0,361,0,False,3,15,64,active
118,362,1,1,1,1612683766,0,362,2,False,0,0,55,active
119,363,1,1,1,1612679404,0,363,0,False,6,15,34,active
120,364,1,1,1,1612686292,0,364,1,False,4,8,18,active
121,366,1,1,1,1612682281,0,366,1,False,3,13,19,active
122,367,1,1,1,1612681352,0,367,1,False,0,0,42,active
123,368,1,1,1,1612699020,0,368,3,False,6,32,12,active
124,369,1,1,1,1612680148,0,369,2,False,13,70,4,active
125,372,1,1,1,1612678940,0,372,0,False,1,13,14,active
126,373,1,1,1,1612678939,0,373,0,False,1,3,16,active
127,376,1,1,1,1612698540,0,376,2,False,0,9,32,active
128,377,1,1,1,1612698785,0,377,5,False,0,27,16,active
129,380,1,1,1,1612687443,0,380,3,False,4,24,15,active
130,383,1,1,1,1612694782,0,383,8,False,4,29,2,active
131,385,1,1,1,1612681353,0,385,1,False,0,4,24,active
132,386,1,1,1,1612695031,0,386,6,False,1,60,16,active
133,387,1,1,1,1612680146,0,387,3,False,0,23,13,active
134,388,1,1,1,1612680146,0,388,1,False,2,12,22,active
135,389,1,1,1,1612685743,0,389,1,False,1,4,22,active
136,390,1,1,1,1612696448,0,390,1,False,0,1,29,active
137,391,1,1,1,1612691897,0,391,1,False,0,12,29,active
138,392,1,1,1,1612681592,0,392,3,False,0,8,24,active
139,393,1,1,1,1612684138,0,393,0,False,0,7,30,active
140,394,1,1,1,1612692144,0,394,3,False,0,12,19,active
141,396,1,1,1,1612678941,0,396,1,False,4,4,20,active
142,397,1,1,1,1612679309,0,397,3,False,2,7,65,active
143,398,1,1,1,1612678941,0,398,1,False,0,0,30,active
144,399,1,1,1,1612687630,0,399,0,False,0,1,38,active
145,400,1,1,1,1612694366,0,400,0,False,0,2,13,active
146,401,1,1,1,1612697813,0,401,1,False,1,16,25,active
147,402,1,1,1,1612689756,0,402,6,False,5,22,11,active
148,403,1,1,1,1612698640,0,403,10,False,9,39,9,active
149,405,0,0,1,1612675169,0,405,3,False,1,19,29,active
150,406,1,1,1,1612683766,0,406,0,False,0,6,14,active
151,408,1,1,1,1612699024,0,408,0,False,0,34,11,active
152,410,1,1,1,1612699110,0,410,3,False,4,39,37,active
153,411,1,1,1,1612698708,0,411,1,False,0,4,26,active
154,412,1,1,1,1612698276,0,412,0,False,5,17,12,active
155,415,1,1,1,1612678941,0,415,4,False,1,20,22,active
156,416,1,1,1,1612678941,0,416,1,False,0,0,30,active
157,417,1,1,1,1612687387,0,417,0,False,0,21,4,active
158,418,1,1,1,1612678939,0,418,1,False,2,5,31,active
159,419,1,1,1,1612680354,0,419,2,False,3,6,15,active
160,420,1,1,1,1612678941,0,420,0,False,2,3,48,active
161,421,1,1,1,1612674457,0,421,0,False,1,4,15,active
162,422,1,1,1,1612698134,0,422,1,False,0,4,73,active
163,423,1,1,1,1612698074,0,423,3,False,2,2,22,active
164,426,1,1,1,1612678941,0,426,4,False,0,22,4,active
165,427,1,1,1,1612679090,0,427,2,False,2,37,8,active
166,432,1,1,1,1612698656,0,432,2,False,1,5,24,active
167,434,1,1,1,1612680147,0,434,2,False,0,50,8,active
168,435,1,1,1,1612682699,0,435,5,False,1,4,41,active
169,436,1,1,1,1612680049,0,436,0,False,1,1,26,active
170,437,1,1,1,1612693108,0,437,2,False,0,0,22,active
171,438,1,1,1,1612694785,0,438,1,False,2,13,33,active
172,439,1,1,1,1612680147,0,439,11,False,6,28,4,active
173,440,1,1,1,1612681352,0,440,1,False,0,0,31,active
174,442,1,1,1,1612684168,0,442,0,False,0,0,51,active
175,443,1,1,1,1612682256,0,443,1,False,2,4,18,active
176,445,1,1,1,1612697648,0,445,4,False,1,25,51,active
177,446,1,1,1,1612681192,0,446,3,False,0,14,62,active
178,447,1,1,1,1612690719,0,447,1,False,1,11,19,active
179,448,1,1,1,1612698950,0,448,1,False,0,12,14,active
180,450,1,1,1,1612697760,0,450,2,False,6,20,45,active
181,453,1,1,1,1612697069,0,453,3,False,0,19,44,active
182,454,1,1,1,1612681352,0,454,1,False,0,2,32,active
183,455,1,1,1,1612698154,0,455,0,False,0,0,59,active
184,456,1,1,1,1612686180,0,456,2,False,0,0,32,active
185,457,1,1,1,1612698219,0,457,2,False,3,5,72,active
186,458,1,1,1,1612684445,0,458,0,False,0,9,22,active
187,460,1,1,1,1612695015,0,460,2,False,1,7,16,active
188,461,1,1,1,1612681353,0,461,4,False,0,1,51,active
189,462,1,1,1,1612697520,0,462,6,False,1,25,46,active
190,464,1,1,1,1612689162,0,464,1,False,1,2,50,active
191,465,1,1,1,1612681353,0,465,4,False,0,3,32,active
192,466,1,1,1,1612698454,7,466,2,False,0,14,12,active
193,467,1,1,1,1612678944,0,467,2,False,1,5,27,active
194,468,1,1,1,1612689814,0,468,6,False,4,14,45,active
195,469,1,1,1,1612698561,0,469,5,False,1,9,43,active
196,470,1,1,1,1612698406,0,470,2,False,1,28,54,active
197,471,1,1,1,1612692132,0,471,1,False,2,8,22,active
198,472,1,1,1,1612681353,0,472,0,False,5,10,45,active
199,473,1,1,1,1612685118,0,473,1,False,2,36,27,active
200,474,1,1,1,1612696768,0,474,4,False,0,24,28,active
201,476,1,1,1,1612696614,0,476,2,False,0,13,50,active
202,477,1,1,1,1612698277,0,477,5,False,19,45,21,active
203,478,1,1,1,1612695782,0,478,2,False,6,22,13,active
204,479,1,1,1,1612695972,0,479,2,False,1,12,17,active
205,480,1,1,1,1612694758,0,480,5,False,3,5,19,active
206,481,1,1,1,1612684037,0,481,2,False,2,2,21,active
207,482,1,1,1,1612687612,0,482,10,False,0,63,6,active
208,483,1,1,1,1612697436,0,483,1,False,2,18,15,active
209,484,1,1,1,1612680146,0,484,0,False,0,0,46,active
210,485,1,1,1,1612688592,0,485,2,False,0,2,36,active
211,486,1,1,1,1612690179,0,486,1,False,0,6,34,active
212,487,1,1,1,1612685420,0,487,1,False,5,14,20,active
213,489,1,1,1,1612680147,0,489,0,False,1,27,22,active
214,490,1,1,1,1612698784,0,490,10,False,3,24,32,active
215,492,1,1,1,1612698120,0,492,3,False,1,54,11,active
216,494,1,1,1,1612684972,0,494,4,False,2,28,34,active
217,495,1,1,1,1612698853,0,495,1,False,5,21,17,active
218,496,1,1,1,1612681858,0,496,1,False,0,36,28,active
219,497,1,1,1,1612699033,0,497,5,False,16,46,15,active
220,499,1,1,1,1612698238,0,499,5,False,1,4,27,active
221,500,1,1,1,1612681354,0,500,3,False,0,0,49,active
222,501,1,1,1,1612698410,0,501,2,False,0,1,80,active
223,502,1,1,1,1612691427,0,502,3,False,7,19,14,active
224,503,1,1,1,1612687329,0,503,0,False,1,17,14,active
225,504,0,0,1,1612698383,0,504,0,False,2,6,48,active
226,505,1,1,1,1612698735,0,505,5,False,0,2,45,active
227,507,1,1,1,1612697938,0,507,4,False,4,11,30,active
228,508,1,1,1,1612695924,0,508,0,False,3,3,22,active
229,509,1,1,1,1612685047,0,509,3,False,6,57,1,active
230,510,1,1,1,1612691005,0,510,0,False,0,0,55,active
231,512,1,1,1,1612697051,0,512,0,False,1,7,22,active
232,513,1,1,1,1612682228,0,513,1,False,2,4,24,active
233,514,1,1,1,1612685922,0,514,1,False,9,22,28,active
234,515,1,1,1,1612698672,0,515,7,False,5,32,40,active
235,516,1,1,1,1612696821,0,516,2,False,2,6,23,active
236,517,1,1,1,1612680146,0,517,2,False,0,14,53,active
237,519,1,1,1,1612682827,0,519,3,False,0,1,65,active
238,522,1,1,1,1612681353,0,522,0,False,0,2,49,active
239,525,1,1,1,1612698943,0,525,5,False,2,36,15,active
240,526,1,1,1,1612698600,0,526,2,False,0,8,30,active
241,528,1,1,1,1612689872,0,528,1,False,1,6,32,active
242,529,1,1,1,1612698164,0,529,1,False,4,16,24,active
243,530,1,1,1,1612698528,0,530,4,False,1,7,13,active
244,531,1,1,1,1612696607,0,531,1,False,1,14,51,active
245,532,1,1,1,1612687096,0,532,6,False,1,5,32,active
246,533,1,1,1,1612688228,0,533,5,False,0,1,41,active
247,534,1,1,1,1612692649,0,534,7,False,5,20,4,active
248,536,1,1,1,1612698947,0,536,1,False,2,11,16,active
249,537,1,1,1,1612691005,0,537,1,False,0,0,52,active
250,539,1,1,1,1612695195,0,539,2,False,1,25,4,active
251,540,1,1,1,1612697874,0,540,0,False,0,2,52,active
252,545,1,1,1,1612699087,0,545,3,False,2,10,14,active
253,546,1,1,1,1612686225,0,546,1,False,2,6,38,active
254,2000,1,1,1,1612691470,0,2000,8,False,6,38,11,active
255,2002,1,1,1,1612683131,0,2002,2,False,1,16,9,active
256,2003,1,1,1,1612699140,0,2003,0,False,1,14,40,active
257,2005,1,1,1,1612681353,0,2005,0,False,2,6,6,active
258,2006,1,1,1,1612691430,0,2006,4,False,0,6,39,active
259,2008,1,1,1,1612698799,0,2008,2,False,4,12,10,active
260,2009,1,1,1,1612698079,0,2009,1,False,3,13,21,active
261,2010,0,0,1,1612667389,0,2010,2,False,7,58,5,active
262,2012,1,1,1,1612698933,0,2012,3,False,4,9,29,active
263,2017,1,1,1,1612681353,0,2017,0,False,2,5,34,active
264,2021,1,1,1,1612681154,0,2021,1,False,0,2,62,active
265,2022,1,1,1,1612697978,0,2022,0,False,1,2,31,active
266,3016,1,1,1,1612683766,0,3016,1,False,4,48,5,active
267,3041,1,1,1,1612696976,0,3041,2,False,3,19,3,active
268,3042,1,1,1,1612694607,0,3042,1,False,5,16,2,active
269,3043,1,1,1,1612682559,0,3043,2,False,2,8,9,active
270,3044,1,1,1,1612682559,0,3044,1,False,2,6,20,active
271,3046,1,1,1,1612691953,0,3046,0,False,1,18,1,active
272,3047,1,1,1,1612682560,0,3047,0,False,5,10,11,active
273,3048,1,1,1,1612682560,0,3048,2,False,0,5,12,active
274,3049,1,1,1,1612682559,0,3049,1,False,2,8,9,active
275,3050,1,1,1,1612682560,0,3050,0,False,0,2,19,active
276,3052,1,1,1,1612687444,0,3052,1,False,4,7,15,active
277,3053,1,1,1,1612691596,0,3053,2,False,2,3,18,active
278,3054,1,1,1,1612695310,0,3054,0,False,1,4,15,active
279,3055,1,1,1,1612697306,0,3055,0,False,1,3,20,active
280,3056,1,1,1,1612682559,0,3056,2,False,1,2,19,active
281,3057,1,1,1,1612682960,0,3057,0,False,2,6,12,active
282,3058,1,1,1,1612682559,0,3058,2,False,0,8,14,active
283,3059,1,1,1,1612682558,0,3059,0,False,1,17,2,active
284,3060,1,1,1,1612682558,0,3060,1,False,0,2,16,active
285,3061,1,1,1,1612682559,0,3061,0,False,0,3,18,active
286,3062,1,1,1,1612698245,0,3062,1,False,0,5,17,active
287,3063,1,1,1,1612682559,0,3063,0,False,1,3,17,active
288,3064,1,1,1,1612698455,0,3064,0,False,1,3,20,active
289,3065,1,1,1,1612694853,0,3065,2,False,2,16,13,active
290,3066,1,1,1,1612683646,0,3066,1,False,0,8,10,active
291,3067,1,1,1,1612698361,0,3067,0,False,1,18,9,active
292,3068,1,1,1,1612683870,0,3068,0,False,1,38,4,active
293,3069,1,1,1,1612682559,0,3069,0,False,0,4,25,active
294,3070,1,1,1,1612683830,0,3070,1,False,1,9,13,active
295,3071,1,1,1,1612682559,0,3071,0,False,0,0,19,active
296,3072,1,1,1,1612682559,0,3072,0,False,0,2,22,active
297,3074,1,1,1,1612686543,0,3074,1,False,3,11,30,active
298,3075,1,1,1,1612682558,0,3075,0,False,0,1,32,active
299,3076,1,1,1,1612686184,0,3076,0,False,3,5,31,active
300,3077,1,1,1,1612697516,0,3077,0,False,4,5,28,active
301,3078,1,1,1,1612682560,0,3078,0,False,1,2,25,active
302,3080,1,1,1,1612685568,0,3080,0,False,0,3,18,active
303,3081,1,1,1,1612688593,0,3081,1,False,1,3,25,active
304,3082,1,1,1,1612693122,0,3082,0,False,3,23,2,active
305,3083,1,1,1,1612698983,7,3083,1,False,0,3,21,active
306,3085,1,1,1,1612690495,0,3085,1,False,0,23,1,active
307,3086,1,1,1,1612698593,0,3086,1,False,0,2,27,active
308,3087,1,1,1,1612691368,0,3087,0,False,0,12,18,active
309,3088,1,1,1,1612681353,0,3088,0,False,2,10,9,active
310,3092,1,1,1,1612681354,0,3092,3,False,2,19,5,active
311,3093,0,0,1,86400,0,3093,0,False,0,0,0,active
312,3094,1,1,1,1612681368,0,3094,0,False,0,6,11,active
313,3095,1,1,1,1612681355,0,3095,1,False,1,3,22,active
314,3096,1,1,1,1612683766,0,3096,1,False,1,28,10,active
315,3100,1,1,1,1612683765,0,3100,1,False,4,21,28,active
316,3101,1,1,1,1612683056,0,3101,1,False,5,24,2,active
317,3102,1,1,1,1612694608,0,3102,0,False,5,19,8,active
318,3105,1,1,1,1612682560,0,3105,2,False,1,13,9,active
319,3106,1,1,1,1612681679,0,3106,0,False,0,0,22,active
320,3107,1,1,1,1612686268,0,3107,0,False,2,13,26,active
321,3108,1,1,1,1612684580,0,3108,0,False,3,17,34,active
322,3109,1,1,1,1612681356,0,3109,2,False,1,27,2,active
323,3110,1,1,1,1612692456,0,3110,2,False,2,22,4,active
324,3112,1,1,1,1612690846,0,3112,1,False,1,15,17,active
325,3113,1,1,1,1612684887,0,3113,1,False,5,25,1,active
326,3115,1,1,1,1612681354,0,3115,0,False,0,6,44,active
327,3116,1,1,1,1612691747,0,3116,0,False,10,26,9,active
328,3117,1,1,1,1612690644,0,3117,2,False,4,21,4,active
329,3118,1,1,1,1612681354,0,3118,0,False,3,8,34,active
330,3119,1,1,1,1612687019,0,3119,1,False,5,8,36,active
331,3121,1,1,1,1612681354,0,3121,1,False,3,23,3,active
332,3122,1,1,1,1612682561,0,3122,0,False,2,13,66,active
333,3123,1,1,1,1612691809,0,3123,1,False,1,33,13,active
334,3124,1,1,1,1612697548,0,3124,3,False,10,30,10,active
335,3125,1,1,1,1612682127,0,3125,1,False,1,14,8,active
336,3126,1,1,1,1612681353,0,3126,0,False,0,4,30,active
337,3127,1,1,1,1612681354,0,3127,0,False,0,7,27,active
338,3128,1,1,1,1612682560,0,3128,0,False,0,3,24,active
339,3129,0,0,1,1612694784,0,3129,3,False,3,11,26,active
340,3130,1,1,1,1612692583,0,3130,0,False,1,2,32,active
341,3131,1,1,1,1612697197,0,3131,2,False,0,2,27,active
342,3132,0,0,0,86400,0,3132,0,False,0,0,0,out_of_service
343,3134,1,1,1,1612682560,0,3134,0,False,0,0,51,active
344,3135,1,1,1,1612682560,0,3135,1,False,0,6,34,active
345,3136,1,1,1,1612682560,0,3136,2,False,0,18,27,active
346,3137,1,1,1,1612695985,0,3137,1,False,0,3,27,active
347,3139,1,1,1,1612682560,0,3139,3,False,0,2,38,active
348,3140,1,1,1,1612698401,0,3140,1,False,4,21,33,active
349,3141,1,1,1,1612699102,0,3141,1,False,5,9,48,active
350,3142,1,1,1,1612694982,0,3142,1,False,1,3,37,active
351,3143,1,1,1,1612693261,0,3143,1,False,0,19,27,active
352,3144,1,1,1,1612691074,0,3144,0,False,1,8,38,active
353,3145,1,1,1,1612682560,0,3145,2,False,1,3,40,active
354,3146,1,1,1,1612682560,0,3146,0,False,0,9,38,active
355,3147,1,1,1,1612695445,0,3147,1,False,4,11,27,active
356,3148,1,1,1,1612696980,0,3148,1,False,1,2,28,active
357,3150,1,1,1,1612699018,0,3150,1,False,4,15,31,active
358,3151,1,1,1,1612699113,0,3151,1,False,2,6,36,active
359,3152,1,1,1,1612683766,0,3152,0,False,0,5,37,active
360,3154,1,1,1,1612696177,0,3154,1,False,0,4,26,active
361,3156,1,1,1,1612699049,0,3156,2,False,2,5,30,active
362,3157,1,1,1,1612691726,0,3157,0,False,1,4,23,active
363,3158,1,1,1,1612698349,0,3158,1,False,3,6,24,active
364,3159,1,1,1,1612682559,0,3159,2,False,1,8,21,active
365,3160,1,1,1,1612691957,0,3160,1,False,0,8,30,active
366,3161,1,1,1,1612698617,0,3161,1,False,2,10,48,active
367,3163,1,1,1,1612684116,0,3163,0,False,1,5,38,active
368,3164,1,1,1,1612697505,0,3164,2,False,2,7,58,active
369,3165,1,1,1,1612698119,0,3165,4,False,0,15,32,active
370,3166,1,1,1,1612697728,0,3166,2,False,0,27,12,active
371,3167,1,1,1,1612698416,0,3167,2,False,3,19,34,active
372,3169,1,1,1,1612682561,0,3169,1,False,1,7,31,active
373,3170,1,1,1,1612696980,0,3170,1,False,4,7,27,active
374,3171,1,1,1,1612693211,0,3171,1,False,8,11,27,active
375,3172,1,1,1,1612690049,0,3172,3,False,3,8,16,active
376,3173,1,1,1,1612697809,0,3173,2,False,0,13,24,active
377,3175,1,1,1,1612699108,0,3175,6,False,2,4,33,active
378,3177,1,1,1,1612698934,0,3177,1,False,3,7,55,active
379,3178,1,1,1,1612682559,0,3178,1,False,1,10,28,active
380,3179,1,1,1,1612682559,0,3179,0,False,2,9,14,active
381,3184,1,1,1,86400,0,3184,0,False,0,0,0,active
382,3185,0,0,1,1612682561,0,3185,1,False,0,20,1,active
383,3186,0,0,1,1612682559,0,3186,6,False,0,27,9,active
384,3187,1,1,1,1612682559,0,3187,3,False,0,17,2,active
385,3191,0,0,1,1612682560,0,3191,1,False,0,6,11,active
386,3192,0,0,1,1612685865,0,3192,6,False,1,10,6,active
387,3193,1,1,1,1612682561,0,3193,0,False,1,2,16,active
388,3194,1,1,1,1612682561,0,3194,0,False,0,0,22,active
389,3195,1,1,1,1612695552,0,3195,3,False,0,0,31,active
390,3196,1,1,1,1612682560,0,3196,0,False,0,2,16,active
391,3198,1,1,1,1612691921,0,3198,2,False,0,0,16,active
392,3199,0,0,1,1612682559,0,3199,0,False,0,9,5,active
393,3201,1,1,1,1612693460,0,3201,3,False,0,4,11,active
394,3202,1,1,1,1612699113,0,3202,0,False,0,10,8,active
395,3203,1,1,1,1612682560,0,3203,6,False,0,2,18,active
396,3205,1,1,1,1612682560,0,3205,3,False,0,19,0,active
397,3206,1,1,1,1612682560,0,3206,0,False,0,0,26,active
398,3207,0,0,1,1612687111,0,3207,0,False,1,11,15,active
399,3209,0,0,1,1612682560,0,3209,1,False,0,9,12,active
400,3210,1,1,1,1612682560,0,3210,1,False,0,6,11,active
401,3211,1,1,1,1612682559,0,3211,0,False,1,22,0,active
402,3212,1,1,1,1612698228,0,3212,0,False,0,0,22,active
403,3213,1,1,1,1612682559,0,3213,2,False,0,7,13,active
404,3214,1,1,1,1612682559,0,3214,0,False,0,1,21,active
405,3220,1,1,1,1612693163,0,3220,0,False,0,0,18,active
406,3221,1,1,1,1612678339,0,3221,0,False,2,27,0,active
407,3225,1,1,1,1612682560,0,3225,0,False,0,1,13,active
408,3226,1,1,1,1612697417,0,3226,3,False,3,11,31,active
409,3231,1,1,1,1612696039,0,3231,0,False,0,4,35,active
410,3232,1,1,1,1612697865,0,3232,3,False,1,34,10,active
411,3233,1,1,1,1612696217,0,3233,1,False,1,1,40,active
412,3235,1,1,1,1612680147,0,3235,1,False,1,1,32,active
413,3236,1,1,1,1612697656,0,3236,1,False,1,17,15,active
414,3241,1,1,1,1612683770,0,3241,0,False,6,15,4,active
415,3242,1,1,1,1612678940,2,3242,1,False,4,9,47,active
416,3243,1,1,1,1612698813,0,3243,0,False,0,3,26,active
417,3244,1,1,1,1612681563,0,3244,8,False,6,66,5,active
418,3246,1,1,1,1612685159,0,3246,1,False,0,2,46,active
419,3249,1,1,1,1612683782,0,3249,1,False,0,11,7,active
420,3255,1,1,1,1612695457,0,3255,1,False,1,13,4,active
421,3256,1,1,1,1612699141,0,3256,1,False,1,18,4,active
422,3260,1,1,1,1612698373,0,3260,6,False,5,26,13,active
423,3263,1,1,1,1612698467,0,3263,0,False,6,51,8,active
424,3267,0,0,1,1612683765,0,3267,3,False,0,8,3,active
425,3268,1,1,1,1612683765,0,3268,1,False,0,7,6,active
426,3269,1,1,1,1612684972,0,3269,0,False,0,0,14,active
427,3270,1,1,1,1612683769,0,3270,0,False,0,2,12,active
428,3272,1,1,1,1612683765,0,3272,1,False,0,1,12,active
429,3273,1,1,1,1612683765,0,3273,3,False,0,6,9,active
430,3275,0,0,1,1612683766,0,3275,1,False,2,13,0,active
431,3276,1,1,1,1612698750,0,3276,0,False,0,9,17,active
432,3277,1,1,1,1612696150,0,3277,0,False,0,6,8,active
433,3278,1,1,1,1612683766,0,3278,1,False,0,2,11,active
434,3279,1,1,1,1612686394,0,3279,0,False,0,0,18,active
435,3280,1,1,1,1612684973,0,3280,1,False,0,0,13,active
436,3281,1,1,1,1612683765,0,3281,0,False,0,0,14,active
437,3282,1,1,1,1612685297,0,3282,3,False,3,20,15,active
438,3283,1,1,1,1612691910,0,3283,1,False,3,8,38,active
439,3284,1,1,1,1612690018,0,3284,2,False,0,3,33,active
440,3285,1,1,1,1612698871,37,3285,6,False,0,0,0,active
441,3286,1,1,1,1612687814,0,3286,2,False,4,13,24,active
442,3287,1,1,1,1612683301,0,3287,0,False,9,15,32,active
443,3288,1,1,1,1612698425,0,3288,3,False,5,10,26,active
444,3289,1,1,1,1612683766,0,3289,1,False,1,4,27,active
445,3290,1,1,1,1612698772,0,3290,1,False,4,7,27,active
446,3292,1,1,1,1612683765,0,3292,0,False,0,1,42,active
447,3293,1,1,1,1612698964,0,3293,0,False,2,4,20,active
448,3294,1,1,1,1612695564,0,3294,0,False,1,1,37,active
449,3296,1,1,1,1612696064,0,3296,3,False,0,20,50,active
450,3297,1,1,1,1612699154,0,3297,2,False,6,12,7,active
451,3298,1,1,1,1612684973,0,3298,0,False,0,4,19,active
452,3299,1,1,1,1612698755,0,3299,0,False,1,1,24,active
453,3300,1,1,1,1612684972,0,3300,1,False,10,12,11,active
454,3301,1,1,1,1612688597,0,3301,0,False,7,11,28,active
455,3302,1,1,1,1612697611,0,3302,0,False,1,2,38,active
456,3303,1,1,1,1612689097,0,3303,1,False,0,2,22,active
457,3304,1,1,1,1612683767,0,3304,1,False,0,1,25,active
458,3305,1,1,1,1612694715,0,3305,2,False,0,14,23,active
459,3306,1,1,1,1612683767,0,3306,0,False,5,5,18,active
460,3307,1,1,1,1612688855,0,3307,1,False,2,9,21,active
461,3308,1,1,1,1612683768,0,3308,0,False,0,15,12,active
462,3309,1,1,1,1612683766,0,3309,0,False,0,2,28,active
463,3310,1,1,1,1612683767,0,3310,0,False,3,5,19,active
464,3311,1,1,1,1612683766,0,3311,0,False,1,11,9,active
465,3312,1,1,1,1612690890,0,3312,2,False,0,11,26,active
466,3313,1,1,1,1612683766,0,3313,0,False,6,8,21,active
467,3314,1,1,1,1612683766,0,3314,2,False,5,7,23,active
468,3315,1,1,1,1612683766,0,3315,2,False,2,14,7,active
469,3317,1,1,1,1612683766,0,3317,0,False,1,15,9,active
470,3318,1,1,1,1612697914,0,3318,2,False,0,31,12,active
471,3319,1,1,1,1612696554,0,3319,0,False,2,12,9,active
472,3321,1,1,1,1612683767,0,3321,2,False,0,3,20,active
473,3322,1,1,1,1612683766,0,3322,1,False,3,22,2,active
474,3323,1,1,1,1612698996,0,3323,2,False,1,9,48,active
475,3324,1,1,1,1612683767,0,3324,2,False,0,19,4,active
476,3325,1,1,1,1612697752,0,3325,0,False,0,1,30,active
477,3326,1,1,1,1612683781,0,3326,1,False,1,11,9,active
478,3327,1,1,1,1612685127,0,3327,1,False,1,21,5,active
479,3328,1,1,1,1612684973,0,3328,2,False,7,16,21,active
480,3329,1,1,1,1612686181,0,3329,0,False,0,2,25,active
481,3330,1,1,1,1612683768,0,3330,1,False,2,10,8,active
482,3331,1,1,1,1612683766,0,3331,0,False,0,2,37,active
483,3332,1,1,1,1612686180,0,3332,1,False,1,9,9,active
484,3333,1,1,1,1612683766,0,3333,2,False,0,14,5,active
485,3335,1,1,1,1612683766,0,3335,1,False,1,26,1,active
486,3336,1,1,1,1612695718,0,3336,1,False,4,6,34,active
487,3337,1,1,1,1612684973,0,3337,3,False,0,0,20,active
488,3338,1,1,1,1612698832,0,3338,1,False,0,13,17,active
489,3339,1,1,1,1612692995,0,3339,0,False,7,23,0,active
490,3340,1,1,1,1612684972,0,3340,0,False,0,21,0,active
491,3342,1,1,1,1612684972,0,3342,0,False,2,23,0,active
492,3343,1,1,1,1612694551,0,3343,1,False,1,9,13,active
493,3344,1,1,1,1612684972,0,3344,1,False,1,14,4,active
494,3345,1,1,1,1612697733,0,3345,1,False,0,0,34,active
495,3346,1,1,1,1612699088,0,3346,4,False,1,6,19,active
496,3347,1,1,1,1612684973,0,3347,0,False,2,21,0,active
497,3348,1,1,1,1612684972,0,3348,0,False,5,15,4,active
498,3349,1,1,1,1612698631,0,3349,0,False,10,14,16,active
499,3350,1,1,1,1612698034,0,3350,1,False,3,22,16,active
500,3351,1,1,1,1612698982,0,3351,2,False,0,0,23,active
501,3352,1,1,1,1612684973,0,3352,1,False,1,5,15,active
502,3354,1,1,1,1612684973,0,3354,0,False,2,3,28,active
503,3355,1,1,1,1612684972,0,3355,1,False,0,1,23,active
504,3356,1,1,1,1612698536,0,3356,0,False,1,3,18,active
505,3357,1,1,1,1612683766,0,3357,1,False,2,5,29,active
506,3358,1,1,1,1612684973,0,3358,0,False,2,3,22,active
507,3359,1,1,1,1612697282,0,3359,3,False,0,4,52,active
508,3361,1,1,1,1612684973,0,3361,1,False,2,8,14,active
509,3362,1,1,1,1612684972,0,3362,2,False,2,7,25,active
510,3363,1,1,1,1612696438,0,3363,0,False,1,7,26,active
511,3364,1,1,1,1612696788,0,3364,2,False,2,14,11,active
512,3365,1,1,1,1612698489,0,3365,3,False,8,8,16,active
513,3366,1,1,1,1612683766,0,3366,0,False,2,2,29,active
514,3367,1,1,1,1612683767,0,3367,2,False,1,3,34,active
515,3368,1,1,1,1612698212,0,3368,0,False,3,15,15,active
516,3369,1,1,1,1612680148,0,3369,1,False,1,6,22,active
517,3370,1,1,1,1612698507,0,3370,0,False,0,6,19,active
518,3372,1,1,1,1612696808,0,3372,4,False,0,38,37,active
519,3373,1,1,1,1612694121,0,3373,0,False,3,17,10,active
520,3374,1,1,1,1612687387,0,3374,2,False,1,12,22,active
521,3375,1,1,1,1612696371,0,3375,0,False,0,7,28,active
522,3376,1,1,1,1612686047,0,3376,2,False,0,0,46,active
523,3377,1,1,1,1612695596,0,3377,2,False,0,23,0,active
524,3378,1,1,1,1612698476,0,3378,0,False,1,4,24,active
525,3379,1,1,1,1612683767,0,3379,1,False,0,30,4,active
526,3381,1,1,1,1612684972,0,3381,6,False,2,11,4,active
527,3382,1,1,1,1612693463,0,3382,0,False,2,16,15,active
528,3383,1,1,1,1612695927,0,3383,2,False,4,8,15,active
529,3384,1,1,1,1612684973,0,3384,1,False,3,7,17,active
530,3386,1,1,1,1612684972,0,3386,0,False,1,5,22,active
531,3387,1,1,1,1612698498,0,3387,0,False,2,14,11,active
532,3388,1,1,1,1612686180,0,3388,0,False,1,7,18,active
533,3389,1,1,1,1612683767,0,3389,0,False,1,27,1,active
534,3390,0,0,1,1612683767,0,3390,1,False,0,23,0,active
535,3391,1,1,1,1612697823,0,3391,2,False,1,11,13,active
536,3392,1,1,1,1612683766,0,3392,0,False,0,8,11,active
537,3393,1,1,1,1612683767,0,3393,0,False,1,5,14,active
538,3394,1,1,1,1612684972,0,3394,2,False,0,15,4,active
539,3395,1,1,1,1612683767,0,3395,0,False,1,11,8,active
540,3396,1,1,1,1612683767,0,3396,0,False,1,4,21,active
541,3397,1,1,1,1612684972,0,3397,1,False,7,23,1,active
542,3398,1,1,1,1612683766,0,3398,0,False,1,7,16,active
543,3399,1,1,1,1612684972,0,3399,1,False,0,17,6,active
544,3400,0,0,1,1612688513,0,3400,2,False,2,19,3,active
545,3402,1,1,1,1612698422,0,3402,1,False,1,23,8,active
546,3403,1,1,1,1612683766,0,3403,1,False,0,29,1,active
547,3404,1,1,1,1612683769,0,3404,2,False,1,23,2,active
548,3405,1,1,1,1612683767,0,3405,0,False,0,4,19,active
549,3407,1,1,1,1612696152,0,3407,0,False,1,23,0,active
550,3408,1,1,1,1612683765,0,3408,1,False,1,6,20,active
551,3409,1,1,1,1612684973,0,3409,3,False,1,31,14,active
552,3410,1,1,1,1612691649,0,3410,1,False,0,68,8,active
553,3411,1,1,1,1612697192,0,3411,1,False,2,24,2,active
554,3412,1,1,1,1612684972,0,3412,1,False,0,10,7,active
555,3414,1,1,1,1612693965,0,3414,0,False,1,7,26,active
556,3415,1,1,1,1612683767,0,3415,2,False,0,2,21,active
557,3416,1,1,1,1612687511,1,3416,2,False,1,5,17,active
558,3417,1,1,1,1612683767,0,3417,0,False,3,19,8,active
559,3418,1,1,1,1612684972,0,3418,2,False,1,1,30,active
560,3419,1,1,1,1612680147,0,3419,0,False,0,17,10,active
561,3420,1,1,1,1612683767,0,3420,0,False,1,19,2,active
562,3421,1,1,1,1612683767,0,3421,0,False,0,7,16,active
563,3422,1,1,1,1612698515,0,3422,1,False,1,14,6,active
564,3423,1,1,1,1612687175,0,3423,1,False,9,13,15,active
565,3424,1,1,1,1612690805,0,3424,1,False,4,23,3,active
566,3425,1,1,1,1612695301,0,3425,1,False,0,17,15,active
567,3429,1,1,1,1612678940,0,3429,4,False,1,22,13,active
568,3430,1,1,1,1612681353,0,3430,0,False,3,8,17,active
569,3435,1,1,1,1612697675,0,3435,1,False,2,10,34,active
570,3436,1,1,1,1612689800,0,3436,0,False,0,5,30,active
571,3437,1,1,1,1612696686,0,3437,0,False,2,10,29,active
572,3440,1,1,1,1612678940,0,3440,0,False,0,3,44,active
573,3443,1,1,1,1612680146,0,3443,3,False,0,5,32,active
574,3452,1,1,1,1612681353,0,3452,0,False,3,12,31,active
575,3453,1,1,1,1612683440,0,3453,1,False,0,15,3,active
576,3454,1,1,1,1612694138,0,3454,1,False,4,6,17,active
577,3456,1,1,1,1612692216,0,3456,2,False,1,2,18,active
578,3457,1,1,1,1612698933,0,3457,1,False,2,2,43,active
579,3459,1,1,1,1612691004,0,3459,1,False,0,0,40,active
580,3461,1,1,1,1612686179,0,3461,0,False,0,23,10,active
581,3462,1,1,1,1612689800,0,3462,0,False,0,0,39,active
582,3463,1,1,1,1612696442,0,3463,1,False,2,26,10,active
583,3467,1,1,1,1612698188,0,3467,0,False,3,50,29,active
584,3469,1,1,1,1612697440,0,3469,0,False,1,13,10,active
585,3472,1,1,1,1612683765,0,3472,3,False,2,32,4,active
586,3477,1,1,1,1612681355,0,3477,0,False,10,19,14,active
587,3478,1,1,1,1612684972,0,3478,1,False,18,39,3,active
588,3481,1,1,1,1612684973,0,3481,2,False,0,20,0,active
589,3483,1,1,1,1612683765,0,3483,0,False,0,10,4,active
590,3486,1,1,1,1612678939,0,3486,0,False,0,6,24,active
591,3490,1,1,1,1612684973,0,3490,3,False,1,20,8,active
592,3491,1,1,1,1612686180,0,3491,1,False,0,18,5,active
593,3492,1,1,1,1612694897,0,3492,0,False,1,8,19,active
594,3493,1,1,1,1612684974,0,3493,2,False,2,4,25,active
595,3494,1,1,1,1612688103,0,3494,1,False,1,11,13,active
596,3495,1,1,1,1612695637,1,3495,1,False,0,24,0,active
597,3496,1,1,1,1612698372,0,3496,3,False,5,10,12,active
598,3497,1,1,1,1612698761,0,3497,1,False,0,11,11,active
599,3498,1,1,1,1612686180,0,3498,1,False,1,8,12,active
600,3499,1,1,1,1612686179,0,3499,1,False,5,11,13,active
601,3500,1,1,1,1612684973,0,3500,2,False,3,14,15,active
602,3501,1,1,1,1612684973,0,3501,2,False,1,9,18,active
603,3502,1,1,1,1612698281,0,3502,3,False,5,14,12,active
604,3503,1,1,1,1612684973,0,3503,0,False,3,6,24,active
605,3504,1,1,1,1612690867,0,3504,0,False,1,15,12,active
606,3505,1,1,1,1612686180,0,3505,0,False,0,12,21,active
607,3506,1,1,1,1612684974,0,3506,0,False,1,4,25,active
608,3507,1,1,1,1612699083,0,3507,3,False,3,23,10,active
609,3508,1,1,1,1612698376,0,3508,3,False,0,21,7,active
610,3509,1,1,1,1612677804,0,3509,1,False,5,29,1,active
611,3510,1,1,1,1612685170,0,3510,0,False,2,23,8,active
612,3511,1,1,1,1612684973,0,3511,1,False,1,10,11,active
613,3513,1,1,1,1612686743,0,3513,1,False,4,4,28,active
614,3514,1,1,1,1612697660,0,3514,0,False,1,9,24,active
615,3515,1,1,1,1612686179,0,3515,1,False,1,4,14,active
616,3516,1,1,1,1612686179,0,3516,0,False,1,7,24,active
617,3517,1,1,1,1612686180,0,3517,0,False,1,4,31,active
618,3518,1,1,1,1612698051,0,3518,1,False,2,24,9,active
619,3520,1,1,1,1612688845,0,3520,1,False,1,14,12,active
620,3521,1,1,1,1612698227,0,3521,3,False,1,19,13,active
621,3522,1,1,1,1612688128,0,3522,1,False,6,10,8,active
622,3523,1,1,1,1612686179,0,3523,0,False,1,4,41,active
623,3524,1,1,1,1612686179,0,3524,0,False,3,20,3,active
624,3525,1,1,1,1612686179,0,3525,0,False,1,15,6,active
625,3526,1,1,1,1612686209,0,3526,0,False,1,4,23,active
626,3527,1,1,1,1612698008,0,3527,3,False,1,4,20,active
627,3528,1,1,1,1612686179,0,3528,0,False,1,2,19,active
628,3529,1,1,1,1612684974,0,3529,0,False,4,15,10,active
629,3530,1,1,1,1612686180,0,3530,0,False,1,6,13,active
630,3531,1,1,1,1612697010,0,3531,0,False,2,17,10,active
631,3532,1,1,1,1612686179,0,3532,0,False,2,6,21,active
632,3533,1,1,1,1612684974,0,3533,2,False,1,18,14,active
633,3534,1,1,1,1612686179,0,3534,1,False,4,24,14,active
634,3535,1,1,1,1612684973,0,3535,2,False,3,10,15,active
635,3536,1,1,1,1612688164,0,3536,1,False,0,1,41,active
636,3537,1,1,1,1612686180,0,3537,1,False,2,3,25,active
637,3538,1,1,1,1612684974,0,3538,2,False,2,2,41,active
638,3539,1,1,1,1612686179,0,3539,0,False,3,3,40,active
639,3540,1,1,1,1612697547,0,3540,3,False,0,13,19,active
640,3541,1,1,1,1612684974,0,3541,1,False,2,30,8,active
641,3542,1,1,1,1612684973,0,3542,1,False,2,13,15,active
642,3543,1,1,1,1612686180,0,3543,0,False,1,1,34,active
643,3544,1,1,1,1612686180,0,3544,2,False,1,3,22,active
644,3545,1,1,1,1612684973,0,3545,0,False,0,0,33,active
645,3546,1,1,1,1612686179,0,3546,1,False,1,2,18,active
646,3547,1,1,1,1612697839,0,3547,1,False,2,23,17,active
647,3549,1,1,1,1612686180,0,3549,2,False,1,1,22,active
648,3551,1,1,1,1612687974,0,3551,0,False,0,5,18,active
649,3552,1,1,1,1612684973,0,3552,2,False,4,9,28,active
650,3553,1,1,1,1612697135,0,3553,2,False,0,24,11,active
651,3554,1,1,1,1612683765,0,3554,0,False,1,15,12,active
652,3555,1,1,1,1612695951,0,3555,1,False,1,2,24,active
653,3557,1,1,1,1612686180,0,3557,0,False,5,16,3,active
654,3558,1,1,1,1612696061,0,3558,0,False,2,3,24,active
655,3559,1,1,1,1612698549,0,3559,0,False,0,12,7,active
656,3561,1,1,1,1612684974,0,3561,2,False,0,10,14,active
657,3562,1,1,1,1612698678,0,3562,0,False,1,2,25,active
658,3563,1,1,1,1612698284,0,3563,0,False,3,3,26,active
659,3564,1,1,1,1612684973,0,3564,0,False,0,2,17,active
660,3565,1,1,1,1612684973,0,3565,0,False,1,13,6,active
661,3566,1,1,1,1612694437,0,3566,0,False,1,2,23,active
662,3568,1,1,1,1612684974,0,3568,0,False,0,0,21,active
663,3569,1,1,1,1612686179,0,3569,1,False,1,5,22,active
664,3570,1,1,1,1612684974,0,3570,0,False,2,3,28,active
665,3571,1,1,1,1612686180,0,3571,0,False,0,10,14,active
666,3572,1,1,1,1612684974,0,3572,1,False,1,2,30,active
667,3573,1,1,1,1612698524,0,3573,0,False,0,1,24,active
668,3574,1,1,1,1612686180,0,3574,0,False,0,0,23,active
669,3575,1,1,1,1612695838,0,3575,1,False,0,20,6,active
670,3576,1,1,1,1612693922,0,3576,1,False,0,5,21,active
671,3577,1,1,1,1612698820,0,3577,1,False,0,0,22,active
672,3578,1,1,1,1612686179,0,3578,0,False,1,2,19,active
673,3579,1,1,1,1612686179,0,3579,0,False,6,11,14,active
674,3580,1,1,1,1612685405,0,3580,0,False,3,12,18,active
675,3581,1,1,1,1612686180,0,3581,1,False,2,8,18,active
676,3582,1,1,1,1612699072,0,3582,1,False,0,1,26,active
677,3583,1,1,1,1612694970,0,3583,2,False,2,4,25,active
678,3584,1,1,1,1612686201,0,3584,0,False,3,3,39,active
679,3585,1,1,1,1612698311,0,3585,0,False,0,2,22,active
680,3586,1,1,1,1612684974,0,3586,0,False,1,5,14,active
681,3587,1,1,1,1612688099,0,3587,0,False,3,4,23,active
682,3588,1,1,1,1612684974,0,3588,0,False,3,37,4,active
683,3589,1,1,1,1612686180,0,3589,0,False,1,18,13,active
684,3590,1,1,1,1612689884,0,3590,0,False,1,3,16,active
685,3591,1,1,1,1612686180,0,3591,0,False,0,4,17,active
686,3592,1,1,1,1612686353,0,3592,0,False,4,5,14,active
687,3593,1,1,1,1612699060,0,3593,0,False,1,2,33,active
688,3595,1,1,1,1612680147,0,3595,1,False,0,4,13,active
689,3596,1,1,1,1612683766,0,3596,1,False,7,15,3,active
690,3597,1,1,1,1612680147,0,3597,1,False,2,6,18,active
691,3598,1,1,1,1612696082,0,3598,2,False,4,6,11,active
692,3600,1,1,1,1612686180,0,3600,1,False,1,5,21,active
693,3601,1,1,1,1612697293,0,3601,2,False,1,15,2,active
694,3602,1,1,1,1612686179,0,3602,1,False,1,5,17,active
695,3603,1,1,1,1612698018,0,3603,0,False,4,8,13,active
696,3604,1,1,1,1612690182,0,3604,1,False,0,13,2,active
697,3605,1,1,1,1612687387,0,3605,1,False,1,3,17,active
698,3606,1,1,1,1612698960,1,3606,0,False,5,6,14,active
699,3607,1,1,1,1612684972,0,3607,0,False,2,5,14,active
700,3608,1,1,1,1612686180,0,3608,0,False,0,2,19,active
701,3609,1,1,1,1612686179,0,3609,0,False,1,21,2,active
702,3610,1,1,1,1612694565,0,3610,0,False,2,27,6,active
703,3611,1,1,1,1612686180,0,3611,0,False,0,6,25,active
704,3612,1,1,1,1612686692,0,3612,1,False,4,10,4,active
705,3613,1,1,1,1612686180,0,3613,2,False,11,14,11,active
706,3614,1,1,1,1612699103,1,3614,1,False,0,5,15,active
707,3615,1,1,1,1612686181,0,3615,1,False,0,15,5,active
708,3616,1,1,1,1612699056,6,3616,2,False,1,4,13,active
709,3617,1,1,1,1612686179,0,3617,0,False,2,4,23,active
710,3618,1,1,1,1612698437,0,3618,0,False,3,5,28,active
711,3619,1,1,1,1612686180,0,3619,2,False,5,8,17,active
712,3620,1,1,1,1612686179,0,3620,1,False,2,9,18,active
713,3621,1,1,1,1612686179,0,3621,0,False,3,5,35,active
714,3622,1,1,1,1612694224,0,3622,0,False,1,5,18,active
715,3623,1,1,1,1612686181,0,3623,1,False,0,1,37,active
716,3628,1,1,1,1612696002,0,3628,0,False,3,18,13,active
717,3629,1,1,1,1612686181,0,3629,1,False,1,24,8,active
718,3630,1,1,1,1612695851,0,3630,2,False,2,7,24,active
719,3635,1,1,1,1612698732,0,3635,5,False,2,8,30,active
720,3637,1,1,1,1612681353,0,3637,1,False,1,9,21,active
721,3638,1,1,1,1612684974,0,3638,2,False,0,15,1,active
722,3639,1,1,1,1612698937,0,3639,0,False,0,6,24,active
723,3640,1,1,1,1612682559,0,3640,0,False,0,0,18,active
724,3641,1,1,1,1612695107,0,3641,2,False,3,29,23,active
725,3646,1,1,1,1612686179,8,3646,2,False,0,3,13,active
726,3647,1,1,1,1612686181,0,3647,0,False,1,11,12,active
727,3648,1,1,1,1612699049,0,3648,3,False,0,5,16,active
728,3649,1,1,1,1612686180,0,3649,0,False,4,6,24,active
729,3654,1,1,1,1612686179,0,3654,0,False,0,3,32,active
730,3656,1,1,1,1612698020,0,3656,1,False,3,31,14,active
731,3658,1,1,1,1612698046,0,3658,0,False,3,7,20,active
732,3661,1,1,1,1612686180,0,3661,0,False,2,3,16,active
733,3664,1,1,1,1612686180,0,3664,3,False,4,6,21,active
734,3668,1,1,1,1612678945,0,3668,2,False,4,22,2,active
735,3671,1,1,1,1612697078,0,3671,0,False,0,3,34,active
736,3673,1,1,1,1612688373,0,3673,1,False,2,10,10,active
737,3674,1,1,1,1612696402,0,3674,1,False,1,15,11,active
738,3676,1,1,1,1612684972,0,3676,0,False,0,20,4,active
739,3677,0,0,1,1612682560,0,3677,0,False,0,0,18,active
740,3678,1,1,1,1612697559,0,3678,0,False,0,0,18,active
741,3679,1,1,1,1612683765,0,3679,0,False,0,0,14,active
742,3680,1,1,1,1612680147,0,3680,4,False,0,0,51,active
743,3681,1,1,1,1612685281,0,3681,1,False,0,8,9,active
744,3686,1,1,1,1612697708,0,3686,1,False,0,28,10,active
745,3687,1,1,1,1612698882,0,3687,0,False,5,22,61,active
746,3689,1,1,1,1612689535,0,3689,0,False,1,8,39,active
747,3690,1,1,1,1612687469,0,3690,1,False,0,1,34,active
748,3691,1,1,1,1612695949,0,3691,1,False,2,5,13,active
749,3693,1,1,1,1612681353,0,3693,1,False,4,22,4,active
750,3694,1,1,1,1612682561,0,3694,0,False,0,0,18,active
751,3697,1,1,1,1612698915,0,3697,1,False,1,9,33,active
752,3699,1,1,1,1612681353,0,3699,1,False,0,7,22,active
753,3704,1,1,1,1612682559,0,3704,0,False,0,2,17,active
754,3705,1,1,1,1612691005,0,3705,0,False,3,37,4,active
755,3707,1,1,1,1612697411,0,3707,1,False,1,15,39,active
756,3708,1,1,1,1612698487,0,3708,1,False,1,25,3,active
757,3709,1,1,1,1612698526,0,3709,1,False,5,31,19,active
758,3711,1,1,1,1612698904,0,3711,3,False,0,32,12,active
759,3712,1,1,1,1612686181,0,3712,2,False,11,14,25,active
760,3714,1,1,1,1612686948,0,3714,1,False,3,5,55,active
761,3715,1,1,1,1612684972,0,3715,0,False,0,20,11,active
762,3716,1,1,1,1612686180,0,3716,0,False,0,2,21,active
763,3718,1,1,1,1612696982,0,3718,0,False,7,30,16,active
764,3721,1,1,1,1612681353,0,3721,5,False,0,14,18,active
765,3724,1,1,1,1612683479,0,3724,2,False,0,0,37,active
766,3725,1,1,1,1612683766,0,3725,3,False,0,3,35,active
767,3726,1,1,1,1612681354,0,3726,0,False,1,2,21,active
768,3727,1,1,1,1612682559,0,3727,0,False,0,6,32,active
769,3728,1,1,1,1612678940,0,3728,2,False,0,8,14,active
770,3731,1,1,1,1612687387,0,3731,0,False,1,2,44,active
771,3733,1,1,1,1612697809,0,3733,1,False,1,20,25,active
772,3734,1,1,1,1612686416,0,3734,0,False,1,4,46,active
773,3735,1,1,1,1612696793,0,3735,6,False,1,26,6,active
774,3736,1,1,1,1612688597,0,3736,0,False,0,11,26,active
775,3737,1,1,1,1612698620,0,3737,1,False,0,28,6,active
776,3738,1,1,1,1612696111,0,3738,0,False,0,3,27,active
777,3739,1,1,1,1612687388,0,3739,4,False,4,28,5,active
778,3740,1,1,1,1612688592,0,3740,0,False,7,32,2,active
779,3744,1,1,1,1612696124,0,3744,1,False,2,21,29,active
780,3745,1,1,1,1612686181,0,3745,0,False,0,2,25,active
781,3746,1,1,1,1612698680,0,3746,2,False,0,32,14,active
782,3749,1,1,1,1612698421,0,3749,0,False,0,5,18,active
783,3755,1,1,1,1612698013,0,3755,0,False,0,18,1,active
784,3756,1,1,1,1612686180,0,3756,0,False,0,18,3,active
785,3757,1,1,1,1612686181,0,3757,2,False,2,11,10,active
786,3758,1,1,1,1612686180,0,3758,0,False,6,13,6,active
787,3759,1,1,1,1612686181,0,3759,1,False,1,14,4,active
788,3760,1,1,1,1612687387,0,3760,1,False,1,6,16,active
789,3761,1,1,1,1612691148,0,3761,1,False,0,0,26,active
790,3762,1,1,1,1612680147,0,3762,0,False,3,23,4,active
791,3763,1,1,1,1612687385,0,3763,0,False,0,7,20,active
792,3764,1,1,1,1612687385,0,3764,0,False,0,7,14,active
793,3765,1,1,1,1612699021,0,3765,1,False,0,0,20,active
794,3766,1,1,1,1612687387,0,3766,0,False,1,2,22,active
795,3767,1,1,1,1612687386,0,3767,1,False,3,10,8,active
796,3768,1,1,1,1612687387,0,3768,0,False,3,11,12,active
797,3769,1,1,1,1612687387,0,3769,0,False,2,12,11,active
798,3770,1,1,1,1612687386,0,3770,0,False,2,4,17,active
799,3771,1,1,1,1612687386,0,3771,0,False,1,30,0,active
800,3772,1,1,1,1612698965,0,3772,0,False,1,2,17,active
801,3773,1,1,1,1612688593,0,3773,2,False,1,16,2,active
802,3774,1,1,1,1612687387,0,3774,1,False,1,9,13,active
803,3775,1,1,1,1612687580,0,3775,1,False,7,25,1,active
804,3776,1,1,1,1612691044,0,3776,0,False,3,5,18,active
805,3777,1,1,1,1612687386,0,3777,1,False,0,7,15,active
806,3778,1,1,1,1612687386,0,3778,4,False,4,6,17,active
807,3779,1,1,1,1612687386,0,3779,1,False,0,15,8,active
808,3780,1,1,1,1612687387,0,3780,0,False,1,9,13,active
809,3781,1,1,1,1612687385,0,3781,0,False,0,1,29,active
810,3782,1,1,1,1612687386,0,3782,1,False,1,6,24,active
811,3783,1,1,1,1612681041,0,3783,0,False,2,20,45,active
812,3785,1,1,1,1612688593,0,3785,0,False,1,2,35,active
813,3786,1,1,1,1612681506,0,3786,2,False,1,28,19,active
814,3787,1,1,1,1612691229,0,3787,0,False,1,1,21,active
815,3789,1,1,1,1612691004,0,3789,0,False,1,3,28,active
816,3790,1,1,1,1612678941,0,3790,0,False,0,2,35,active
817,3791,0,0,1,1612603779,0,3791,0,False,0,14,18,active
818,3792,1,1,1,1612682561,0,3792,0,False,0,21,9,active
819,3795,1,1,1,1612683769,0,3795,0,False,2,15,4,active
820,3798,0,0,1,1612683765,0,3798,0,False,0,3,52,active
821,3799,1,1,1,1612693353,0,3799,3,False,0,2,62,active
822,3803,1,1,1,1612698589,0,3803,0,False,4,10,17,active
823,3804,1,1,1,1612678941,0,3804,1,False,0,8,15,active
824,3808,1,1,1,1612698854,0,3808,0,False,0,2,17,active
825,3809,1,1,1,1612688310,0,3809,1,False,0,3,49,active
826,3811,1,1,1,1612693907,0,3811,0,False,5,12,7,active
827,3812,1,1,1,1612699028,0,3812,1,False,0,43,5,active
828,3813,1,1,1,1612680147,0,3813,2,False,0,16,31,active
829,3814,1,1,1,1612680147,0,3814,2,False,0,0,21,active
830,3815,1,1,1,1612691566,0,3815,3,False,0,0,38,active
831,3816,1,1,1,1612687385,0,3816,1,False,3,7,16,active
832,3817,1,1,1,1612687387,0,3817,1,False,1,2,15,active
833,3818,1,1,1,1612687386,0,3818,0,False,0,16,24,active
834,3819,1,1,1,1612687386,0,3819,0,False,0,13,7,active
835,3820,1,1,1,1612697595,0,3820,1,False,1,4,14,active
836,3821,1,1,1,1612687387,0,3821,0,False,0,4,21,active
837,3822,1,1,1,1612689939,0,3822,0,False,1,3,17,active
838,3823,1,1,1,1612687386,0,3823,1,False,3,8,21,active
839,3824,1,1,1,1612687387,0,3824,0,False,4,9,14,active
840,3825,1,1,1,1612687386,0,3825,0,False,2,9,20,active
841,3826,1,1,1,1612687391,0,3826,0,False,1,3,15,active
842,3827,1,1,1,1612687387,0,3827,0,False,0,15,5,active
843,3828,1,1,1,1612687387,0,3828,1,False,0,6,15,active
844,3829,1,1,1,1612687387,0,3829,0,False,0,15,9,active
845,3830,1,1,1,1612687387,0,3830,0,False,0,6,16,active
846,3831,1,1,1,1612687388,0,3831,0,False,0,12,23,active
847,3832,1,1,1,1612687387,0,3832,0,False,0,7,14,active
848,3833,1,1,1,1612687387,0,3833,0,False,0,0,18,active
849,3834,1,1,1,1612687387,0,3834,1,False,0,3,15,active
850,3835,1,1,1,1612694076,0,3835,2,False,0,3,17,active
851,3836,1,1,1,1612687387,0,3836,0,False,2,3,26,active
852,3837,1,1,1,1612687386,0,3837,0,False,0,2,27,active
853,3838,1,1,1,1612687386,0,3838,1,False,0,0,24,active
854,3839,1,1,1,1612694188,0,3839,0,False,1,3,26,active
855,3840,1,1,1,1612687386,0,3840,1,False,3,4,19,active
856,3841,1,1,1,1612687386,0,3841,1,False,1,2,22,active
857,3842,1,1,1,1612687386,0,3842,0,False,0,1,28,active
858,3843,1,1,1,1612687386,0,3843,0,False,0,2,21,active
859,3844,1,1,1,1612687385,0,3844,0,False,0,7,18,active
860,3845,1,1,1,1612687386,0,3845,0,False,0,4,17,active
861,3846,1,1,1,1612687386,0,3846,0,False,1,3,22,active
862,3847,1,1,1,1612687386,0,3847,1,False,1,1,23,active
863,3848,1,1,1,1612687737,0,3848,1,False,4,4,27,active
864,3849,1,1,1,1612687387,0,3849,1,False,0,0,16,active
865,3850,1,1,1,1612687385,0,3850,1,False,2,17,7,active
866,3851,1,1,1,1612687387,0,3851,0,False,0,8,12,active
867,3852,1,1,1,1612687387,0,3852,0,False,1,9,8,active
868,3853,1,1,1,1612687387,0,3853,1,False,4,17,2,active
869,3854,1,1,1,1612687385,0,3854,0,False,1,3,21,active
870,3855,1,1,1,1612687387,0,3855,1,False,2,5,16,active
871,3856,1,1,1,1612698918,0,3856,1,False,4,14,10,active
872,3857,1,1,1,1612687387,0,3857,0,False,5,9,10,active
873,3858,1,1,1,1612696451,0,3858,0,False,2,13,7,active
874,3859,1,1,1,1612687388,0,3859,2,False,1,8,10,active
875,3860,1,1,1,1612687385,0,3860,0,False,0,2,24,active
876,3861,1,1,1,1612687391,0,3861,1,False,0,7,12,active
877,3862,1,1,1,1612687386,0,3862,0,False,0,2,16,active
878,3863,1,1,1,1612687387,0,3863,1,False,2,12,5,active
879,3864,1,1,1,1612687387,0,3864,0,False,0,3,27,active
880,3865,1,1,1,1612687387,0,3865,0,False,0,1,23,active
881,3866,1,1,1,1612687388,0,3866,0,False,0,0,32,active
882,3867,1,1,1,1612688986,0,3867,1,False,1,5,23,active
883,3868,1,1,1,1612697013,0,3868,2,False,0,1,16,active
884,3869,1,1,1,1612687386,0,3869,0,False,2,2,22,active
885,3870,1,1,1,1612690795,0,3870,1,False,2,8,11,active
886,3871,1,1,1,1612687387,0,3871,1,False,0,0,29,active
887,3872,1,1,1,1612697255,0,3872,0,False,2,7,12,active
888,3873,1,1,1,1612687387,0,3873,0,False,1,2,15,active
889,3874,1,1,1,1612687387,0,3874,0,False,1,4,12,active
890,3875,1,1,1,1612687387,0,3875,0,False,1,6,9,active
891,3876,1,1,1,1612698861,0,3876,1,False,6,7,15,active
892,3877,1,1,1,1612687387,0,3877,0,False,6,21,4,active
893,3878,1,1,1,1612687386,0,3878,0,False,1,4,15,active
894,3879,1,1,1,1612697131,0,3879,0,False,2,18,7,active
895,3880,1,1,1,1612687387,0,3880,1,False,7,17,9,active
896,3881,1,1,1,1612694472,0,3881,2,False,0,31,6,active
897,3882,1,1,1,1612690606,0,3882,0,False,0,9,6,active
898,3883,1,1,1,1612687387,0,3883,1,False,2,12,6,active
899,3884,1,1,1,1612688594,0,3884,0,False,0,15,8,active
900,3885,1,1,1,1612687386,0,3885,0,False,3,4,15,active
901,3886,1,1,1,1612687469,0,3886,0,False,0,2,18,active
902,3887,1,1,1,1612698957,0,3887,1,False,0,15,5,active
903,3888,1,1,1,1612687387,0,3888,0,False,1,2,17,active
904,3890,1,1,1,1612687387,0,3890,2,False,0,9,20,active
905,3891,1,1,1,1612687386,0,3891,0,False,1,4,16,active
906,3892,1,1,1,1612684973,0,3892,0,False,1,2,17,active
907,3893,1,1,1,1612687387,0,3893,1,False,0,15,9,active
908,3894,1,1,1,1612697072,0,3894,4,False,1,29,3,active
909,3895,1,1,1,1612687387,0,3895,0,False,0,1,24,active
910,3896,1,1,1,1612687386,0,3896,1,False,2,4,17,active
911,3897,1,1,1,1612687386,0,3897,0,False,0,1,16,active
912,3898,1,1,1,1612698679,0,3898,0,False,0,3,54,active
913,3899,1,1,1,1612682560,0,3899,0,False,0,1,17,active
914,3900,1,1,1,1612687387,0,3900,1,False,1,2,27,active
915,3901,1,1,1,1612687387,0,3901,0,False,1,3,14,active
916,3902,1,1,1,1612688593,0,3902,0,False,0,3,16,active
917,3903,1,1,1,1612695377,0,3903,0,False,0,1,16,active
918,3905,1,1,1,1612699139,0,3905,2,False,2,21,4,active
919,3906,1,1,1,1612680492,0,3906,3,False,1,14,15,active
920,3907,1,1,1,1612687388,0,3907,0,False,1,3,14,active
921,3909,1,1,1,1612687387,0,3909,1,False,11,11,8,active
922,3910,1,1,1,1612688593,0,3910,0,False,6,13,4,active
923,3911,1,1,1,1612683766,0,3911,0,False,2,13,9,active
924,3913,1,1,1,1612690800,0,3913,0,False,1,18,1,active
925,3914,1,1,1,1612683765,0,3914,2,False,5,7,30,active
926,3916,1,1,1,1612692533,0,3916,1,False,0,32,12,active
927,3917,1,1,1,1612678940,0,3917,0,False,1,14,17,active
928,3918,1,1,1,1612697350,0,3918,0,False,3,8,22,active
929,3920,1,1,1,1612691897,0,3920,0,False,1,3,16,active
930,3921,1,1,1,1612697673,0,3921,1,False,2,6,12,active
931,3922,1,1,1,1612688593,0,3922,0,False,0,3,16,active
932,3923,1,1,1,1612688962,0,3923,0,False,1,10,7,active
933,3924,1,1,1,1612688593,0,3924,0,False,1,2,24,active
934,3925,1,1,1,1612688593,0,3925,0,False,0,7,14,active
935,3926,1,1,1,1612688592,0,3926,0,False,2,7,13,active
936,3927,1,1,1,1612688593,0,3927,3,False,0,8,16,active
937,3928,1,1,1,1612688593,0,3928,0,False,2,2,16,active
938,3929,1,1,1,1612688593,0,3929,1,False,1,4,14,active
939,3930,1,1,1,1612688593,0,3930,0,False,0,0,19,active
940,3931,1,1,1,1612688593,0,3931,1,False,0,14,8,active
941,3932,1,1,1,1612688593,0,3932,0,False,1,3,20,active
942,3933,1,1,1,1612688594,0,3933,1,False,1,14,4,active
943,3934,1,1,1,1612688593,0,3934,2,False,0,4,21,active
944,3935,1,1,1,1612696290,0,3935,0,False,1,1,18,active
945,3936,1,1,1,1612689000,0,3936,0,False,0,5,14,active
946,3937,1,1,1,1612688592,0,3937,2,False,4,5,16,active
947,3938,1,1,1,1612689802,0,3938,1,False,2,2,16,active
948,3939,1,1,1,1612688593,0,3939,0,False,3,6,15,active
949,3940,1,1,1,1612689058,0,3940,2,False,1,7,7,active
950,3941,1,1,1,1612688593,0,3941,0,False,1,5,12,active
951,3942,1,1,1,1612688594,0,3942,0,False,1,1,20,active
952,3944,1,1,1,1612688593,0,3944,1,False,1,1,28,active
953,3945,1,1,1,1612688594,0,3945,2,False,1,8,11,active
954,3946,1,1,1,1612688594,0,3946,0,False,0,3,18,active
955,3947,1,1,1,1612688593,0,3947,1,False,6,12,5,active
956,3948,1,1,1,1612688593,0,3948,0,False,6,22,1,active
957,3949,1,1,1,1612688593,0,3949,0,False,10,21,2,active
958,3950,1,1,1,1612691592,0,3950,0,False,1,7,12,active
959,3951,1,1,1,1612698744,0,3951,2,False,2,8,9,active
960,3952,1,1,1,1612688594,0,3952,0,False,8,10,9,active
961,3953,1,1,1,1612689593,1,3953,0,False,1,11,13,active
962,3955,1,1,1,1612688594,0,3955,0,False,2,10,9,active
963,3956,1,1,1,1612688594,0,3956,1,False,2,5,17,active
964,3957,0,0,1,1612688594,0,3957,1,False,0,3,15,active
965,3958,1,1,1,1612688594,0,3958,0,False,2,3,20,active
966,3959,1,1,1,1612688594,0,3959,1,False,1,3,27,active
967,3960,1,1,1,1612688594,0,3960,0,False,0,0,21,active
968,3961,1,1,1,1612688594,0,3961,0,False,0,4,15,active
969,3963,1,1,1,1612688594,0,3963,0,False,0,27,4,active
970,3964,1,1,1,1612688594,0,3964,0,False,1,6,14,active
971,3965,1,1,1,1612692318,0,3965,0,False,1,6,13,active
972,3966,1,1,1,1612688594,0,3966,0,False,2,2,17,active
973,3967,1,1,1,1612688593,0,3967,0,False,6,24,6,active
974,3968,1,1,1,1612688594,0,3968,0,False,0,11,10,active
975,3969,1,1,1,1612692202,0,3969,0,False,0,3,16,active
976,3970,1,1,1,1612688594,0,3970,0,False,0,5,14,active
977,3972,1,1,1,1612688594,0,3972,2,False,0,9,12,active
978,3973,1,1,1,1612688594,0,3973,3,False,1,3,20,active
979,3975,1,1,1,1612688858,0,3975,0,False,0,6,15,active
980,3976,1,1,1,1612688594,0,3976,1,False,0,7,11,active
981,3977,1,1,1,1612689800,0,3977,0,False,0,1,28,active
982,3978,1,1,1,1612688594,0,3978,0,False,0,0,18,active
983,3980,1,1,1,1612688625,0,3980,2,False,2,2,16,active
984,3981,1,1,1,1612688595,0,3981,1,False,1,2,21,active
985,3982,1,1,1,1612688594,0,3982,0,False,1,11,10,active
986,3983,1,1,1,1612689802,0,3983,0,False,1,2,21,active
987,3984,1,1,1,1612688594,0,3984,0,False,0,1,22,active
988,3985,1,1,1,1612689800,0,3985,0,False,0,0,22,active
989,3986,1,1,1,1612696695,0,3986,0,False,2,17,18,active
990,3987,1,1,1,1612691399,0,3987,1,False,3,8,14,active
991,3988,1,1,1,1612688593,0,3988,0,False,4,8,11,active
992,3989,1,1,1,1612688593,0,3989,0,False,2,2,20,active
993,3992,1,1,1,1612688594,0,3992,0,False,2,25,22,active
994,3994,1,1,1,1612688592,0,3994,0,False,0,6,24,active
995,3995,1,1,1,1612688593,0,3995,0,False,0,2,19,active
996,3996,1,1,1,1612688593,0,3996,0,False,2,13,11,active
997,3997,1,1,1,1612691511,0,3997,0,False,4,4,16,active
998,3998,1,1,1,1612688593,0,3998,0,False,0,4,25,active
999,3999,1,1,1,1612688593,0,3999,0,False,0,15,8,active
1000,4000,1,1,1,1612690514,0,4000,0,False,4,12,10,active
1001,4001,1,1,1,1612688594,0,4001,1,False,1,4,19,active
1002,4002,1,1,1,1612688594,0,4002,0,False,0,11,13,active
1003,4004,1,1,1,1612694350,0,4004,2,False,2,12,7,active
1004,4005,1,1,1,1612688593,0,4005,0,False,0,0,24,active
1005,4006,1,1,1,1612698929,0,4006,0,False,1,17,8,active
1006,4007,1,1,1,1612688593,0,4007,2,False,2,3,25,active
1007,4008,0,0,0,86400,0,4008,0,False,0,0,0,out_of_service
1008,4009,1,1,1,1612688593,0,4009,0,False,1,24,11,active
1009,4010,1,1,1,1612688593,0,4010,1,False,0,0,23,active
1010,4011,1,1,1,1612688595,0,4011,0,False,0,2,23,active
1011,4012,1,1,1,1612688594,0,4012,0,False,4,5,18,active
1012,4013,1,1,1,1612688593,0,4013,0,False,2,3,21,active
1013,4014,1,1,1,1612688594,0,4014,0,False,2,4,18,active
1014,4015,1,1,1,1612688595,0,4015,0,False,2,26,5,active
1015,4016,1,1,1,1612698020,0,4016,1,False,1,9,12,active
1016,4017,1,1,1,1612688592,0,4017,0,False,1,7,15,active
1017,4018,1,1,1,1612688594,0,4018,0,False,0,10,11,active
1018,4019,1,1,1,1612688593,0,4019,2,False,1,9,6,active
1019,4020,1,1,1,1612688594,0,4020,0,False,3,9,13,active
1020,4021,1,1,1,1612688594,0,4021,0,False,1,4,17,active
1021,4022,0,0,0,86400,0,4022,0,False,0,0,0,out_of_service
1022,4023,1,1,1,1612688593,0,4023,1,False,4,12,11,active
1023,4024,1,1,1,1612688594,0,4024,1,False,2,11,21,active
1024,4025,1,1,1,1612698729,0,4025,1,False,0,6,13,active
1025,4027,1,1,1,1612689800,0,4027,0,False,0,0,23,active
1026,4028,1,1,1,1612688595,0,4028,0,False,2,19,0,active
1027,4029,1,1,1,1612688594,0,4029,0,False,1,4,19,active
1028,4030,1,1,1,1612699054,0,4030,2,False,0,12,9,active
1029,4031,1,1,1,1612688595,0,4031,0,False,5,8,11,active
1030,4032,1,1,1,1612688594,0,4032,3,False,2,5,11,active
1031,4034,1,1,1,1612697561,0,4034,0,False,0,0,27,active
1032,4035,1,1,1,1612693354,0,4035,1,False,2,18,1,active
1033,4036,0,0,1,1612688593,0,4036,1,False,4,7,28,active
1034,4037,1,1,1,1612688593,0,4037,0,False,2,14,25,active
1035,4038,1,1,1,1612688593,0,4038,1,False,1,11,17,active
1036,4040,1,1,1,1612694226,0,4040,1,False,1,17,33,active
1037,4041,1,1,1,1612688594,0,4041,2,False,3,6,10,active
1038,4043,1,1,1,1612698496,0,4043,1,False,3,8,15,active
1039,4044,1,1,1,1612695579,0,4044,2,False,2,16,31,active
1040,4045,1,1,1,1612698665,0,4045,1,False,0,11,27,active
1041,4047,1,1,1,1612689804,0,4047,1,False,0,0,26,active
1042,4048,1,1,1,1612697313,0,4048,0,False,1,1,19,active
1043,4050,1,1,1,1612697100,0,4050,0,False,0,0,21,active
1044,4051,1,1,1,1612689799,0,4051,0,False,0,0,26,active
1045,4052,1,1,1,1612689800,0,4052,0,False,0,0,27,active
1046,4053,1,1,1,1612698974,0,4053,0,False,5,8,11,active
1047,4054,1,1,1,1612689800,0,4054,1,False,5,15,3,active
1048,4055,1,1,1,1612689799,0,4055,1,False,1,1,25,active
1049,4056,1,1,1,1612689800,0,4056,3,False,2,3,18,active
1050,4057,1,1,1,1612689800,0,4057,0,False,1,3,20,active
1051,4058,1,1,1,1612691749,0,4058,0,False,0,1,40,active
1052,4059,1,1,1,1612694759,0,4059,1,False,0,1,29,active
1053,4060,1,1,1,1612688594,0,4060,0,False,0,3,20,active
1054,4061,1,1,1,1612689800,0,4061,0,False,1,12,12,active
1055,4062,1,1,1,1612689800,0,4062,0,False,0,4,19,active
1056,4063,1,1,1,1612689800,0,4063,0,False,0,0,24,active
1057,4064,1,1,1,1612688593,0,4064,0,False,0,0,23,active
1058,4065,1,1,1,1612689800,0,4065,0,False,1,2,33,active
1059,4066,1,1,1,1612689800,0,4066,0,False,1,6,17,active
1060,4067,1,1,1,1612689800,0,4067,1,False,0,0,22,active
1061,4068,1,1,1,1612698141,0,4068,2,False,1,2,26,active
1062,4069,1,1,1,1612689799,0,4069,2,False,1,2,20,active
1063,4070,1,1,1,1612689799,0,4070,0,False,2,3,21,active
1064,4071,0,0,1,1612689799,0,4071,0,False,1,4,18,active
1065,4072,1,1,1,1612688595,0,4072,0,False,0,1,39,active
1066,4073,1,1,1,1612673074,0,4073,0,False,0,3,32,active
1067,4074,1,1,1,1612689799,0,4074,0,False,1,8,15,active
1068,4075,1,1,1,1612698220,0,4075,1,False,4,21,16,active
1069,4076,1,1,1,1612689800,0,4076,0,False,2,27,2,active
1070,4078,1,1,1,1612689801,0,4078,0,False,0,1,30,active
1071,4080,1,1,1,1612689800,0,4080,2,False,0,4,15,active
1072,4081,1,1,1,1612689800,0,4081,0,False,0,1,20,active
1073,4082,1,1,1,1612695880,0,4082,1,False,3,9,20,active
1074,4083,1,1,1,1612689800,0,4083,1,False,4,6,13,active
1075,4084,1,1,1,1612689799,0,4084,2,False,9,18,2,active
1076,4085,1,1,1,1612689800,0,4085,2,False,0,0,23,active
1077,4086,1,1,1,1612689800,0,4086,3,False,3,13,5,active
1078,4087,1,1,1,1612689800,0,4087,0,False,0,7,15,active
1079,4088,1,1,1,1612689800,0,4088,1,False,0,0,19,active
1080,4090,1,1,1,1612693018,0,4090,0,False,0,0,21,active
1081,4091,1,1,1,1612689800,0,4091,0,False,0,3,18,active
1082,4092,1,1,1,1612689799,0,4092,0,False,1,3,16,active
1083,4093,1,1,1,1612693212,0,4093,0,False,1,2,23,active
1084,4094,1,1,1,1612689800,0,4094,0,False,6,7,14,active
1085,4095,1,1,1,1612689802,0,4095,0,False,0,1,20,active
1086,4096,1,1,1,1612688593,0,4096,1,False,1,4,25,active
1087,4098,1,1,1,1612689801,0,4098,2,False,6,6,12,active
1088,4099,1,1,1,1612689799,0,4099,0,False,3,12,9,active
1089,4101,1,1,1,1612689799,0,4101,0,False,0,16,3,active
1090,4102,1,1,1,1612689800,0,4102,1,False,1,5,16,active
1091,4103,1,1,1,1612695750,0,4103,0,False,3,9,10,active
1092,4104,1,1,1,1612688594,0,4104,0,False,0,2,18,active
1093,4105,1,1,1,1612689801,0,4105,0,False,0,1,20,active
1094,4106,1,1,1,1612689799,0,4106,1,False,2,2,16,active
1095,4107,1,1,1,1612689801,0,4107,0,False,0,3,21,active
1096,4108,1,1,1,1612689800,0,4108,1,False,0,10,8,active
1097,4109,1,1,1,1612689799,0,4109,3,False,2,12,6,active
1098,4110,1,1,1,1612695272,0,4110,1,False,0,3,26,active
1099,4111,1,1,1,1612691005,0,4111,1,False,0,0,46,active
1100,4112,1,1,1,1612689801,0,4112,4,False,4,7,7,active
1101,4113,1,1,1,1612689800,0,4113,2,False,1,10,10,active
1102,4114,1,1,1,1612689801,0,4114,0,False,7,11,14,active
1103,4115,1,1,1,1612689801,0,4115,0,False,0,4,21,active
1104,4116,1,1,1,1612688594,0,4116,2,False,0,4,13,active
1105,4117,1,1,1,1612686663,0,4117,1,False,8,24,2,active
1106,4118,1,1,1,1612692426,0,4118,2,False,0,10,33,active
1107,4120,1,1,1,1612695850,0,4120,2,False,1,2,39,active
1108,4121,1,1,1,1612697026,0,4121,3,False,4,12,38,active
1109,4122,1,1,1,1612683772,0,4122,0,False,5,13,40,active
1110,4123,1,1,1,1612697348,0,4123,3,False,3,3,34,active
1111,4124,1,1,1,1612698921,0,4124,1,False,2,7,40,active
1112,4125,1,1,1,1612689800,0,4125,2,False,9,34,2,active
1113,4126,1,1,1,1612689801,0,4126,0,False,3,13,6,active
1114,4127,1,1,1,1612689800,0,4127,0,False,1,2,17,active
1115,4128,1,1,1,1612689800,0,4128,0,False,0,3,21,active
1116,4129,1,1,1,1612690292,0,4129,0,False,4,4,15,active
1117,4130,1,1,1,1612689799,0,4130,0,False,2,3,19,active
1118,4131,1,1,1,1612689800,0,4131,0,False,0,8,11,active
1119,4132,1,1,1,1612689799,0,4132,0,False,1,4,15,active
1120,4133,1,1,1,1612689800,0,4133,0,False,0,0,20,active
1121,4134,1,1,1,1612689800,0,4134,2,False,3,16,6,active
1122,4135,1,1,1,1612689800,0,4135,0,False,1,1,22,active
1123,4136,1,1,1,1612691005,0,4136,1,False,0,1,20,active
1124,4137,1,1,1,1612689800,0,4137,1,False,1,3,23,active
1125,4138,1,1,1,1612689801,0,4138,0,False,2,12,7,active
1126,4139,1,1,1,1612689800,0,4139,1,False,3,4,14,active
1127,4140,1,1,1,1612689801,0,4140,1,False,3,8,15,active
1128,4141,1,1,1,1612689800,0,4141,1,False,1,5,14,active
1129,4142,1,1,1,1612689801,0,4142,0,False,5,5,14,active
1130,4143,1,1,1,1612689801,0,4143,0,False,5,12,9,active
1131,4144,1,1,1,1612691004,0,4144,0,False,2,3,19,active
1132,4146,1,1,1,1612691005,0,4146,1,False,1,1,28,active
1133,4147,1,1,1,1612689801,0,4147,0,False,0,3,16,active
1134,4148,1,1,1,1612689801,0,4148,0,False,2,6,21,active
1135,4149,1,1,1,1612689801,0,4149,0,False,0,0,20,active
1136,4151,1,1,1,1612698371,0,4151,0,False,1,4,17,active
1137,4152,1,1,1,1612689800,0,4152,1,False,2,8,12,active
1138,4153,1,1,1,1612691005,0,4153,1,False,1,1,25,active
1139,4154,1,1,1,1612689801,0,4154,0,False,1,1,18,active
1140,4155,1,1,1,1612689800,0,4155,1,False,1,1,17,active
1141,4156,1,1,1,1612689800,0,4156,0,False,0,4,15,active
1142,4157,1,1,1,1612689802,0,4157,1,False,6,10,8,active
1143,4158,1,1,1,1612654927,0,4158,0,False,0,1,18,active
1144,4159,1,1,1,1612689800,0,4159,0,False,1,6,13,active
1145,4160,1,1,1,1612683107,0,4160,0,False,2,16,3,active
1146,4161,1,1,1,1612689801,0,4161,0,False,0,18,17,active
1147,4162,1,1,1,1612689801,0,4162,0,False,0,3,16,active
1148,4163,1,1,1,1612681645,0,4163,0,False,12,18,1,active
1149,4164,1,1,1,1612691005,0,4164,0,False,16,19,0,active
1150,4165,1,1,1,1612689799,0,4165,0,False,0,2,17,active
1151,4166,1,1,1,1612689801,0,4166,0,False,2,27,0,active
1152,4167,1,1,1,1612689800,0,4167,5,False,8,12,2,active
1153,4168,1,1,1,1612689802,0,4168,2,False,0,0,17,active
1154,4169,1,1,1,1612689801,0,4169,0,False,2,7,14,active
1155,4170,1,1,1,1612689802,0,4170,0,False,1,9,10,active
1156,4171,1,1,1,1612689801,0,4171,0,False,3,3,18,active
1157,4172,1,1,1,1612689800,0,4172,0,False,4,6,13,active
1158,4173,1,1,1,1612691005,0,4173,0,False,1,2,18,active
1159,4174,1,1,1,1612689800,0,4174,0,False,1,7,14,active
1160,4175,1,1,1,1612689801,0,4175,0,False,1,5,15,active
1161,4177,1,1,1,1612689802,0,4177,0,False,1,1,19,active
1162,4179,1,1,1,1612691005,0,4179,0,False,0,8,15,active
1163,4180,1,1,1,1612689801,0,4180,0,False,4,10,10,active
1164,4181,1,1,1,1612691005,0,4181,0,False,0,3,17,active
1165,4182,1,1,1,1612689801,0,4182,0,False,4,5,14,active
1166,4183,1,1,1,1612691004,0,4183,2,False,0,1,16,active
1167,4184,1,1,1,1612691004,0,4184,0,False,1,10,17,active
1168,4185,1,1,1,1612691005,0,4185,2,False,3,9,8,active
1169,4186,1,1,1,1612689801,0,4186,0,False,0,14,13,active
1170,4188,1,1,1,1612692751,0,4188,0,False,1,1,30,active
1171,4189,1,1,1,1612689802,0,4189,0,False,2,3,16,active
1172,4190,1,1,1,1612689801,0,4190,0,False,0,1,18,active
1173,4191,1,1,1,1612689802,0,4191,0,False,3,4,16,active
1174,4192,0,0,1,1612691005,0,4192,0,False,3,8,11,active
1175,4193,1,1,1,1612689801,0,4193,1,False,0,10,10,active
1176,4194,1,1,1,1612689801,0,4194,2,False,5,8,20,active
1177,4195,1,1,1,1612689800,0,4195,0,False,1,12,18,active
1178,4198,1,1,1,1612689801,0,4198,1,False,2,6,14,active
1179,4199,1,1,1,1612690051,0,4199,2,False,0,8,11,active
1180,4200,1,1,1,1612695047,0,4200,1,False,1,2,24,active
1181,4201,1,1,1,1612651715,0,4201,0,False,1,6,15,active
1182,4202,1,1,1,1612689801,0,4202,0,False,0,0,19,active
1183,4203,1,1,1,1612691004,0,4203,0,False,0,1,20,active
1184,4204,1,1,1,1612691005,0,4204,1,False,1,7,12,active
1185,4205,1,1,1,1612691004,0,4205,1,False,7,18,0,active
1186,4206,1,1,1,1612689802,0,4206,1,False,0,11,15,active
1187,4207,1,1,1,1612689801,0,4207,0,False,0,0,19,active
1188,4208,1,1,1,1612691005,0,4208,0,False,0,11,8,active
1189,4209,1,1,1,1612689801,0,4209,0,False,0,2,16,active
1190,4210,1,1,1,1612689801,0,4210,0,False,1,1,23,active
1191,4211,1,1,1,1612691405,0,4211,2,False,3,9,8,active
1192,4212,1,1,1,1612689801,0,4212,0,False,3,4,15,active
1193,4213,1,1,1,1612689801,0,4213,3,False,6,6,10,active
1194,4214,1,1,1,1612691004,0,4214,0,False,3,39,4,active
1195,4215,1,1,1,1612676814,0,4215,1,False,1,21,6,active
1196,4219,1,1,1,1612699088,0,4219,0,False,0,3,29,active
1197,4220,1,1,1,1612691005,0,4220,1,False,1,3,23,active
1198,4222,1,1,1,1612691004,0,4222,0,False,2,23,4,active
1199,4225,1,1,1,1612689802,0,4225,1,False,0,4,28,active
1200,4227,1,1,1,1612691005,0,4227,0,False,0,0,19,active
1201,4228,1,1,1,1612691005,0,4228,2,False,0,0,17,active
1202,4229,1,1,1,1612691005,0,4229,0,False,1,1,23,active
1203,4230,1,1,1,1612691004,0,4230,0,False,0,1,18,active
1204,4232,1,1,1,1612690359,0,4232,0,False,0,2,43,active
1205,4235,0,0,0,1611078573,0,4235,0,False,0,0,1,out_of_service
1206,4236,1,1,1,1612691005,0,4236,1,False,2,3,55,active
1207,4238,1,1,1,1612698043,0,4238,0,False,1,4,75,active
1208,4239,1,1,1,1612693837,0,4239,0,False,1,1,24,active
1209,4240,1,1,1,1612691005,0,4240,2,False,0,1,30,active
1210,4244,1,1,1,1612691005,0,4244,2,False,2,7,29,active
1211,4245,1,1,1,1612691005,0,4245,0,False,1,3,21,active
1212,4247,1,1,1,1612691005,0,4247,2,False,2,3,16,active
1213,4248,1,1,1,1612691153,0,4248,0,False,1,5,58,active
1214,4249,1,1,1,1612689800,0,4249,0,False,5,8,17,active
1215,4250,1,1,1,1612691004,0,4250,0,False,1,11,8,active
1216,4251,1,1,1,1612691005,0,4251,0,False,1,1,20,active
1217,4252,1,1,1,1612696974,0,4252,0,False,0,6,15,active
1218,4253,0,0,0,86400,0,4253,0,False,0,0,0,out_of_service
1219,4254,1,1,1,1612691005,0,4254,0,False,0,4,21,active
1220,4255,1,1,1,1612691006,0,4255,0,False,3,7,18,active
1221,4256,1,1,1,1612691006,0,4256,0,False,5,13,10,active
1222,4257,1,1,1,1612691005,0,4257,0,False,2,8,13,active
1223,4258,1,1,1,1612691006,0,4258,2,False,4,5,16,active
1224,4259,1,1,1,1612691413,0,4259,0,False,1,1,24,active
1225,4260,1,1,1,1612695725,0,4260,0,False,0,11,12,active
1226,4261,1,1,1,1612691069,0,4261,1,False,3,5,19,active
1227,4262,1,1,1,1612691005,0,4262,0,False,0,12,11,active
1228,4263,1,1,1,1612691005,0,4263,0,False,0,9,14,active
1229,4264,1,1,1,1612691006,0,4264,0,False,2,10,21,active
1230,4265,1,1,1,1612691005,0,4265,0,False,0,5,14,active
1231,4266,1,1,1,1612691006,0,4266,1,False,4,8,14,active
1232,4267,1,1,1,1612691005,0,4267,0,False,1,2,17,active
1233,4268,1,1,1,1612691005,0,4268,0,False,0,2,25,active
1234,4269,1,1,1,1612691006,0,4269,26,False,0,1,0,active
1235,4270,1,1,1,1612691005,0,4270,0,False,3,13,14,active
1236,4271,1,1,1,1612691005,0,4271,0,False,3,4,17,active
1237,4272,1,1,1,1612691006,0,4272,0,False,4,4,23,active
1238,4273,1,1,1,1612691006,0,4273,1,False,0,1,17,active
1239,4274,0,0,0,86400,0,4274,0,False,0,0,0,out_of_service
1240,4275,1,1,1,1612691005,0,4275,0,False,1,11,10,active
1241,4276,0,0,0,86400,0,4276,0,False,0,0,0,out_of_service
1242,4277,0,0,0,86400,0,4277,0,False,0,0,0,out_of_service
1243,4279,1,1,1,1612691004,0,4279,1,False,0,13,27,active
1244,4280,1,1,1,1612691005,0,4280,0,False,6,46,0,active
1245,4282,1,1,1,1612660553,0,4282,3,False,7,36,0,active
1246,4284,1,1,1,1612691005,0,4284,0,False,0,2,23,active
1247,4285,1,1,1,1612691006,0,4285,1,False,5,12,11,active
1248,4286,0,0,0,86400,0,4286,0,False,0,0,0,out_of_service
1249,4287,1,1,1,1612691006,0,4287,1,False,0,2,18,active
1250,4288,1,1,1,1612695975,0,4288,0,False,0,9,12,active
1251,4289,1,1,1,1612691006,0,4289,1,False,1,9,17,active
1252,4290,0,0,0,86400,0,4290,0,False,0,0,0,out_of_service
1253,4291,0,0,0,86400,0,4291,0,False,0,0,0,out_of_service
1254,4292,1,1,1,1612691005,0,4292,1,False,1,8,14,active
1255,4293,0,0,0,86400,0,4293,0,False,0,0,0,out_of_service
1256,4294,1,1,1,1612691006,0,4294,0,False,9,11,10,active
1257,4295,1,1,1,1612691006,0,4295,1,False,0,8,16,active
1258,4296,1,1,1,1612691006,0,4296,0,False,6,10,11,active
1259,4302,1,1,1,1612691005,0,4302,0,False,2,6,16,active
1260,4303,1,1,1,1612691004,0,4303,0,False,0,0,32,active
1261,4304,1,1,1,1612684973,0,4304,1,False,0,8,21,active
1262,4305,1,1,1,1612691005,0,4305,1,False,0,1,17,active
1263,4306,1,1,1,1612691005,0,4306,1,False,3,3,24,active
1264,4308,1,1,1,1612691004,0,4308,0,False,1,1,29,active
1265,4309,1,1,1,1612691004,0,4309,0,False,5,10,6,active
1266,4310,1,1,1,1612691005,0,4310,0,False,0,4,15,active
1267,4311,1,1,1,1612693755,0,4311,0,False,0,8,11,active
1268,4312,1,1,1,1612691004,0,4312,2,False,0,2,29,active
1269,4313,1,1,1,1612691005,0,4313,0,False,3,4,15,active
1270,4314,1,1,1,1612691005,0,4314,0,False,0,11,10,active
1271,4315,1,1,1,1612691005,0,4315,1,False,0,10,10,active
1272,4316,1,1,1,1612678940,0,4316,0,False,0,9,16,active
1273,4317,1,1,1,1612691005,0,4317,0,False,2,5,20,active
1274,4318,1,1,1,1612691005,0,4318,2,False,1,2,21,active
1275,4319,1,1,1,1612691005,0,4319,0,False,1,12,11,active
1276,4320,0,0,0,1612691005,0,4320,1,False,9,14,9,out_of_service
1277,4321,1,1,1,1612691005,0,4321,1,False,4,16,7,active
1278,4322,0,0,0,86400,0,4322,0,False,0,0,0,out_of_service
1279,4323,0,0,0,86400,0,4323,0,False,0,0,0,out_of_service
1280,4324,0,0,0,86400,0,4324,0,False,0,0,0,out_of_service
1281,4325,0,0,0,1612692921,0,4325,0,False,6,15,4,out_of_service
1282,4327,1,1,1,1612691005,0,4327,0,False,1,7,14,active
1283,4328,1,1,1,1612691005,0,4328,1,False,0,0,26,active
1284,4329,1,1,1,1612691005,0,4329,1,False,0,4,24,active
1285,4331,1,1,1,1612691006,0,4331,0,False,3,4,25,active
1286,4332,1,1,1,1612689799,0,4332,0,False,2,13,8,active
1287,4386,1,1,1,1612691006,0,4386,0,False,3,7,20,active
1288,4387,1,1,1,1612697452,0,4387,0,False,3,13,22,active
