,City,Lat,Lng,Max Temp,Humidity,Cloudiness,Wind Speed,Date
0,Clearwater,27.97,-82.8,81.0,61,2,6.93,1602980412
1,Guaraniaçu,-25.1,-52.88,61.74,67,58,3.11,1602980697
2,Vila Franca do Campo,37.72,-25.43,62.6,67,75,8.05,1602980697
3,Meulaboh,4.14,96.13,75.72,82,100,4.09,1602980210
5,Norman Wells,65.28,-126.83,23.0,57,5,5.82,1602980676
6,Buraidah,26.33,43.98,64.4,25,0,6.08,1602980697
7,Puerto Ayora,-0.74,-90.35,71.01,87,87,5.99,1602980698
9,Avarua,-21.21,-159.78,77.0,69,70,16.11,1602980120
10,Hong Kong,22.29,114.16,73.99,74,57,1.99,1602980682
11,Qaanaaq,77.48,-69.36,35.17,87,100,7.99,1602980147
12,Port Macquarie,-31.43,152.92,69.8,77,90,2.24,1602980698
13,Yulara,-25.24,130.99,71.6,49,25,18.34,1602980466
14,Butaritari,3.07,172.79,82.54,78,29,20.0,1602980699
15,Tasiilaq,65.61,-37.64,35.6,80,31,14.99,1602980699
16,Rikitea,-23.12,-134.97,74.43,80,100,20.13,1602980699
17,Dikson,73.51,80.55,17.19,94,3,23.15,1602980699
18,Parfino,57.97,31.65,32.52,95,87,1.88,1602980700
19,Rocha,-34.48,-54.33,61.68,89,51,7.85,1602980034
20,Neiafu,-18.65,-173.98,82.4,83,40,16.11,1602980391
21,Ribeira Grande,38.52,-28.7,63.34,63,78,15.08,1602980700
23,Vaini,-21.2,-175.2,77.0,88,90,17.22,1602980123
24,Constantine,36.37,6.61,46.4,75,0,1.36,1602980701
25,Katsuura,35.13,140.3,61.0,82,75,13.87,1602980050
26,Longyearbyen,78.22,15.64,23.0,73,40,6.93,1602980209
27,Hithadhoo,-0.6,73.08,82.56,78,76,21.21,1602980124
28,Kruisfontein,-34.0,24.73,57.0,94,97,11.77,1602980163
29,East London,-33.02,27.91,65.95,75,86,11.27,1602980524
31,Alofi,-19.06,-169.92,82.4,83,99,11.41,1602980095
33,Don Benito,38.96,-5.86,55.83,39,65,2.46,1602980702
34,Busselton,-33.65,115.33,61.0,73,0,3.0,1602980114
36,Krasnovishersk,60.41,57.08,30.61,95,97,6.51,1602980175
37,Santa Cruz de la Sierra,-17.8,-63.17,84.2,54,8,8.05,1602980463
38,Arraial do Cabo,-22.97,-42.03,70.93,79,2,11.25,1602980703
40,Iqaluit,63.75,-68.51,33.8,74,75,9.17,1602980111
41,Aklavik,68.22,-135.01,21.2,73,5,4.7,1602980090
42,Ponta do Sol,32.67,-17.1,69.8,68,40,18.34,1602980703
44,Russell,32.35,-85.2,62.6,87,1,5.66,1602980400
45,Ushuaia,-54.8,-68.3,42.8,75,75,20.8,1602979955
46,Khatanga,71.97,102.5,4.03,90,14,7.87,1602980147
48,Lenger,42.18,69.88,46.4,38,0,6.71,1602980704
49,Mataura,-46.19,168.86,53.01,67,91,7.0,1602979980
50,Kiryat Gat,31.61,34.76,72.0,73,0,3.8,1602980705
51,Svetlaya,46.54,138.33,52.9,55,77,12.35,1602980182
53,Jamestown,42.1,-79.24,46.4,42,1,4.7,1602980115
55,Voi,-3.39,38.56,68.74,83,19,6.22,1602980705
56,Yumen,40.28,97.2,34.54,70,0,6.91,1602980633
57,São João da Barra,-21.64,-41.05,70.2,82,42,7.54,1602980768
61,Touros,-5.2,-35.46,77.0,78,20,10.29,1602980770
62,Atuona,-9.8,-139.03,78.58,72,1,13.78,1602980770
63,Karonga,-9.93,33.93,74.93,63,1,2.53,1602980770
65,Yellowknife,62.46,-114.35,25.0,92,75,11.41,1602980609
66,Segbwema,8.0,-10.95,72.52,97,97,1.21,1602980770
67,Okha,53.57,142.95,41.32,68,5,10.83,1602980771
68,Bluff,-46.6,168.33,53.01,65,87,7.0,1602980771
69,North Platte,41.12,-100.77,48.2,61,75,16.11,1602980771
72,Río Gallegos,-51.62,-69.22,51.8,62,86,20.8,1602980655
73,Hilo,19.73,-155.09,87.8,55,75,17.22,1602980593
74,Kaitangata,-46.28,169.85,54.0,71,51,1.01,1602980772
75,Masterton,-40.96,175.66,62.01,69,67,4.0,1602980772
76,Port Lincoln,-34.73,135.87,54.99,59,58,8.99,1602980772
77,Clyde River,70.47,-68.59,37.4,74,90,20.8,1602980772
79,Mazyr,52.05,29.25,42.26,92,100,11.48,1602980773
82,Faanui,-16.48,-151.75,79.66,76,40,5.53,1602980773
83,Castro,-24.79,-50.01,54.09,88,38,9.48,1602980601
84,Poum,-20.23,164.02,73.38,75,16,8.5,1602980773
85,Imbituba,-28.24,-48.67,66.2,88,20,1.12,1602980590
86,Santa Cruz de la Sierra,-17.8,-63.17,84.2,54,8,8.05,1602980487
87,Buchanan,5.88,-10.05,77.0,94,75,7.38,1602980774
89,Sitka,57.05,-135.33,44.6,48,90,14.99,1602980774
90,Kapaa,22.08,-159.32,81.0,94,40,9.89,1602980774
92,Coruripe,-10.13,-36.18,74.55,80,21,8.25,1602980727
93,Carballo,43.21,-8.69,57.0,93,98,3.36,1602980775
95,Bela Vista de Goiás,-16.97,-48.95,75.2,69,72,4.32,1602980776
98,Belmonte,-15.86,-38.88,71.6,83,75,4.7,1602980776
100,Northam,51.03,-4.22,51.01,89,53,1.01,1602980777
101,Sydney,-33.87,151.21,73.4,53,75,11.41,1602980585
102,Lamar,33.67,-95.58,66.0,72,75,9.17,1602980702
104,Portland,45.52,-122.68,66.0,52,90,4.7,1602980394
105,Umm Kaddadah,13.6,26.69,84.6,14,100,9.08,1602980778
109,La Ronge,55.1,-105.28,26.6,73,90,19.46,1602980778
110,San Matías,-16.37,-58.4,83.84,53,57,1.28,1602980778
112,Mar del Plata,-38.0,-57.56,69.01,88,8,4.7,1602980548
114,Port Alfred,-33.59,26.89,64.2,85,85,12.88,1602980779
115,Punta Arenas,-53.15,-70.92,44.6,87,90,4.7,1602980779
116,Bandarbeyla,9.49,50.81,78.67,80,0,8.77,1602980779
117,Bredasdorp,-34.53,20.04,53.6,93,33,4.7,1602980779
120,Aitape,-3.14,142.35,84.07,72,77,7.31,1602980780
123,Hobart,-42.88,147.33,57.99,62,75,10.29,1602980240
124,Tolaga Bay,-38.37,178.3,59.22,61,0,12.8,1602980840
126,Along,28.17,94.77,66.45,87,11,1.59,1602980813
128,Srednekolymsk,67.45,153.68,25.0,96,76,8.48,1602980426
130,Vardø,70.37,31.11,39.49,70,59,13.82,1602980841
131,Vila Velha,-20.33,-40.29,71.6,78,90,9.17,1602980841
133,Saldanha,-33.01,17.94,55.4,87,27,3.36,1602980270
134,Klaksvík,62.23,-6.59,33.8,67,95,2.24,1602980841
135,Constitución,-35.33,-72.42,50.47,85,8,10.71,1602980841
138,Hermanus,-34.42,19.23,53.01,94,40,1.01,1602980842
139,Santa Fe,-31.63,-60.7,82.0,64,14,1.01,1602980842
140,Pisco,-13.7,-76.22,62.6,82,40,17.22,1602980842
141,Dauphin,51.15,-100.05,30.2,54,90,13.87,1602980842
144,Teknāf,20.86,92.31,79.63,85,100,4.56,1602980843
147,Qaqortoq,60.72,-46.03,37.4,74,2,1.12,1602980843
151,Lüderitz,-26.65,15.16,65.43,45,0,19.33,1602980844
152,Pangnirtung,66.15,-65.71,28.42,94,100,1.03,1602980676
153,Muhos,64.81,25.99,37.99,93,90,6.93,1602980844
154,Albany,42.6,-73.97,45.0,65,0,3.71,1602980201
158,Harper,4.38,-7.72,77.36,90,60,7.54,1602980606
160,Morón,-34.65,-58.62,70.0,83,18,1.01,1602980845
161,Maxixe,-23.86,35.35,67.93,80,0,6.85,1602980421
168,Innisfail,-17.53,146.03,77.58,71,44,6.67,1602980625
170,Tilichiki,60.47,166.1,34.36,82,0,1.41,1602980456
171,Saint Paul Harbor,57.79,-152.41,46.4,61,90,3.36,1602980846
175,Souillac,-20.52,57.52,69.8,83,20,3.36,1602980393
176,Moose Factory,51.26,-80.61,28.4,92,1,2.19,1602980846
177,Calabozo,8.92,-67.43,76.03,92,99,2.77,1602980846
186,Nikolskoye,59.7,30.79,36.0,80,75,6.71,1602980196
187,Cabo San Lucas,22.89,-109.91,86.0,74,5,8.05,1602980678
193,Vikhorevka,56.12,101.16,44.6,70,100,6.71,1602980847
194,Mizdah,31.45,12.98,59.02,74,96,8.88,1602980602
195,Kavieng,-2.57,150.8,84.51,70,84,7.45,1602980153
196,Christchurch,-43.53,172.63,66.2,48,65,4.7,1602980848
197,Ilulissat,69.22,-51.1,37.4,93,100,5.82,1602980379
198,Lavrentiya,65.58,-171.0,38.75,87,82,3.76,1602980300
203,Weiser,44.25,-116.97,73.4,20,1,6.93,1602980848
204,Izamal,20.93,-89.02,82.0,78,75,8.05,1602980848
206,Jizan,17.33,42.67,82.4,78,0,0.81,1602980849
208,Tuktoyaktuk,69.45,-133.04,17.6,85,5,5.82,1602980362
209,Salisbury,51.07,-1.8,48.2,87,98,2.24,1602980748
210,Wakkanai,45.41,141.67,60.8,59,40,20.8,1602980849
212,Talara,-4.58,-81.27,63.99,89,41,11.3,1602980849
214,Cap-aux-Meules,47.38,-61.86,60.8,87,75,21.92,1602980912
215,Canberra,-35.28,149.13,66.99,55,40,8.05,1602980915
220,Kovdor,67.57,30.48,28.29,93,100,7.54,1602980925
221,Carnarvon,-24.87,113.63,71.6,73,9,11.41,1602980932
222,Swan Hill,-35.34,143.55,58.82,55,1,12.48,1602980934
223,Bozdar Wada,27.18,68.64,68.0,82,1,6.8,1602980934
225,Ketchikan,55.34,-131.65,48.2,75,90,5.82,1602980935
226,Hofn,64.25,-15.21,41.05,78,100,4.63,1602980935
227,Cooma,-36.23,149.13,48.2,100,90,13.87,1602980935
228,Saskylakh,71.92,114.08,13.33,96,98,6.62,1602980935
229,Puerto Escondido,15.85,-97.07,84.2,66,90,4.16,1602980935
230,Yerbogachën,61.28,108.01,23.67,98,91,5.35,1602980936
232,Hasaki,35.73,140.83,61.0,82,75,10.29,1602980936
234,Lagunas,-5.23,-75.68,80.47,72,74,2.19,1602980937
235,Zhigansk,66.77,123.37,11.53,94,98,8.43,1602980881
236,Cape Town,-33.93,18.42,57.99,93,20,4.7,1602980688
237,Pevek,69.7,170.31,27.54,98,96,8.37,1602980866
241,Puksoozero,62.59,40.61,32.68,96,100,10.45,1602980938
244,Galle,6.04,80.22,79.34,81,100,12.35,1602980808
245,Beni,0.5,29.47,62.67,100,97,1.21,1602980939
247,Kīhei,20.79,-156.47,91.4,49,40,11.41,1602980910
249,Bubaque,11.28,-15.83,82.47,84,44,10.04,1602980940
252,Monchegorsk,67.94,32.87,28.94,94,49,7.74,1602980647
253,Sur,22.57,59.53,80.42,48,79,16.42,1602980943
255,Itarema,-2.92,-39.92,78.96,80,88,14.9,1602980944
261,Geraldton,-28.77,114.6,75.2,31,0,11.41,1602980944
263,Saint George,37.1,-113.58,86.0,9,1,12.75,1602980944
264,Jalu,29.03,21.55,80.58,23,9,11.74,1602980944
265,Namatanai,-3.67,152.43,82.6,74,100,5.32,1602980945
266,New Norfolk,-42.78,147.06,57.99,72,53,1.99,1602980945
268,Jertih,5.73,102.49,77.0,100,40,3.06,1602980945
269,Loandjili,-4.76,11.86,77.27,85,86,6.15,1602980946
270,Sørland,67.67,12.69,43.63,63,98,31.41,1602980946
272,Airai,-8.93,125.41,73.18,54,78,2.04,1602980947
273,Barrow,71.29,-156.79,21.2,73,1,12.75,1602980872
275,San Patricio,28.02,-97.52,78.8,65,20,12.75,1602980948
277,Manturovo,58.34,44.76,31.91,96,97,5.17,1602980949
282,Kibala,9.11,18.35,75.2,88,88,2.64,1602980949
283,Batemans Bay,-35.72,150.18,61.0,89,88,4.0,1602980950
284,Sangar,63.92,127.47,17.13,95,100,4.63,1602980950
286,Bethel,41.37,-73.41,46.0,75,1,0.38,1602980950
289,Dunedin,-45.87,170.5,54.0,71,25,1.01,1602980876
292,Maceió,-9.67,-35.74,77.0,78,43,5.82,1602980888
294,Kirakira,-10.45,161.92,82.78,76,63,7.27,1602980951
297,Iranshahr,27.2,60.68,60.8,13,0,4.7,1602980883
300,Fortuna,40.6,-124.16,66.0,82,1,14.99,1602980951
301,Madang,-5.22,145.8,84.76,65,15,3.0,1602980951
303,Linqiong,30.42,103.46,60.01,100,40,2.24,1602980432
306,Vestmannaeyjar,63.44,-20.27,47.77,86,100,13.06,1602980642
308,Susanville,40.42,-120.65,82.99,18,1,3.36,1602980975
309,Salalah,17.02,54.09,73.4,49,1,3.36,1602980480
310,Loma Bonita,8.38,-80.17,77.0,70,100,9.24,1602981012
312,Berlevåg,70.86,29.09,38.08,74,98,13.94,1602981012
324,Mahébourg,-20.41,57.7,69.8,83,20,3.36,1602981013
326,Thompson,55.74,-97.86,28.4,92,90,2.24,1602980790
328,Cherskiy,68.75,161.3,24.1,94,41,13.98,1602981013
329,Tiksi,71.69,128.87,18.07,96,99,11.5,1602981013
331,George Town,5.41,100.34,77.0,94,20,4.7,1602981000
333,Grakhovo,56.05,51.97,33.8,69,90,6.71,1602981014
335,Synya,65.37,58.04,27.86,97,97,6.64,1602981014
336,Gemeente IJsselstein,52.02,5.03,42.01,95,0,3.87,1602981014
339,Ust-Maya,60.42,134.53,16.3,93,99,4.52,1602980631
341,Cidreira,-30.18,-50.21,67.17,81,100,22.73,1602981015
342,Camacha,33.08,-16.33,69.8,68,20,14.99,1602981015
343,Havøysund,71.0,24.66,30.2,92,100,5.82,1602981015
344,Matam,15.62,-13.33,84.2,83,0,2.24,1602981015
345,Ostrovnoy,68.05,39.51,32.13,89,5,1.7,1602980468
348,Itarantim,-15.66,-40.07,70.56,78,98,4.79,1602981016
350,Balsas,-7.53,-46.04,82.02,35,80,3.33,1602980738
353,Bhandāra,21.17,79.65,77.0,88,20,4.43,1602981016
355,Beringovskiy,63.05,179.32,37.17,76,99,5.17,1602980425
356,Port Hardy,50.7,-127.42,48.2,87,90,3.36,1602981017
357,Acapulco de Juárez,16.86,-99.89,84.2,83,75,6.93,1602981017
359,Rawson,-43.3,-65.1,69.24,30,19,18.25,1602980451
362,Anuradhapura,8.36,80.42,77.14,84,64,9.46,1602981017
364,Ust'-Kulom,61.69,53.69,27.21,97,0,5.88,1602981018
367,High Level,58.52,-117.14,24.8,62,75,8.05,1602981018
369,Los Llanos de Aridane,28.66,-17.92,68.0,77,100,2.24,1602981018
370,Cayenne,4.93,-52.33,77.0,100,20,10.45,1602981006
372,Kasongo-Lunda,-6.47,16.82,70.09,91,1,0.56,1602981019
374,Palāsa,18.77,84.42,78.55,83,98,4.36,1602981019
378,Bambous Virieux,-20.34,57.76,69.8,83,20,3.36,1602980957
380,Zavallya,48.21,30.02,48.69,85,33,6.78,1602981020
384,Torbay,47.67,-52.73,50.0,100,90,10.29,1602981020
388,Narsaq,60.92,-46.05,37.4,74,82,1.12,1602981020
390,San Cristobal,7.77,-72.22,87.8,48,40,13.87,1602981020
394,Duluth,46.78,-92.11,37.4,86,90,12.75,1602981021
395,Haines Junction,60.75,-137.51,23.61,73,0,1.48,1602981021
396,Riyadh,24.69,46.72,62.6,29,0,2.24,1602980388
398,Leshukonskoye,64.9,45.76,34.47,96,100,6.6,1602981021
399,High Rock,26.62,-78.28,80.6,83,75,11.41,1602981021
402,Westport,41.14,-73.36,51.8,53,1,2.13,1602980885
404,Teahupoo,-17.83,-149.27,82.4,74,75,18.34,1602981022
405,Majene,-3.54,118.97,84.38,71,82,3.71,1602981022
406,Zavyalovo,54.51,82.45,50.0,71,100,20.13,1602981023
409,Andenes,69.31,16.12,41.0,65,75,25.28,1602981083
411,Mount Gambier,-37.83,140.77,55.4,58,90,6.93,1602981083
413,Ilebo,-4.32,20.58,70.92,96,94,0.87,1602981083
415,Bathsheba,13.22,-59.52,80.6,83,20,8.05,1602981083
417,Sawtell,-30.38,153.1,81.0,61,96,9.17,1602981084
419,Henties Bay,-22.12,14.28,57.0,94,0,1.01,1602981084
421,Emerald,-23.53,148.17,78.01,44,0,8.05,1602981084
425,Akhisar,38.92,27.84,64.65,80,100,2.51,1602981060
426,Cap Malheureux,-19.98,57.61,69.01,82,24,4.0,1602981085
428,São Filipe,14.9,-24.5,79.88,81,24,2.59,1602981085
433,Yangi Marg`ilon,40.43,71.72,51.8,87,0,2.51,1602981085
434,Monte Alegre de Minas,-18.87,-48.88,75.27,69,57,9.1,1602980887
436,Chicama,-7.84,-79.15,63.9,79,14,4.65,1602981085
437,Malé,4.17,73.51,84.2,70,75,16.11,1602980950
439,Yendi,9.44,-0.01,76.05,86,95,4.27,1602981086
446,Deputatsky,69.3,139.9,14.29,96,100,10.18,1602981086
447,Caravelas,-17.71,-39.25,72.81,81,80,8.88,1602980492
448,Patan,27.67,85.33,62.6,100,40,1.14,1602981086
452,Naryan-Mar,67.67,53.09,29.16,97,39,3.49,1602981087
456,Cabra,37.47,-4.44,54.0,56,3,2.66,1602981087
457,Petropavlovsk-Kamchatskiy,53.05,158.65,42.8,70,40,4.47,1602981048
459,Trincomalee,8.57,81.23,79.93,79,95,16.33,1602980633
461,Kangaatsiaq,68.31,-53.46,38.61,82,52,32.59,1602981087
463,Egvekinot,66.32,-179.17,27.99,88,0,5.35,1602981051
467,Half Moon Bay,37.46,-122.43,86.0,40,1,3.36,1602981088
474,Coahuayana Viejo,18.73,-103.68,78.8,78,75,11.41,1602981088
475,Mabaruma,8.2,-59.78,77.18,86,52,4.0,1602980800
479,Broome,42.25,-75.83,46.4,45,1,4.7,1602981089
481,Calvinia,-31.47,19.78,58.93,35,0,4.41,1602981089
486,Indi,17.17,75.97,73.53,82,86,5.26,1602981090
492,Port Elizabeth,-33.92,25.57,60.8,87,100,17.22,1602981090
493,Shimoda,34.67,138.95,62.6,72,75,20.8,1602980631
494,Atikokan,48.76,-91.62,29.84,96,99,2.64,1602981090
498,El Alto,-4.27,-81.21,62.96,91,95,13.67,1602981090
503,Nador,35.17,-2.93,60.8,77,0,3.74,1602980659
504,Palmas Bellas,9.23,-80.09,80.01,94,75,8.05,1602981091
506,Popondetta,-8.75,148.25,86.27,70,32,5.14,1602981091
509,Balezino,57.98,53.01,29.25,97,0,5.61,1602981091
512,Zhangye,38.93,100.45,47.32,42,0,6.13,1602981091
518,Sarkand,45.41,79.92,49.51,42,0,5.91,1602981092
525,Samaná,19.21,-69.34,84.2,74,40,7.81,1602980855
532,Sayyan,15.17,44.32,50.04,44,0,4.61,1602981093
535,Serenje,-13.23,30.24,62.91,57,0,7.07,1602981093
536,Severo-Kuril'sk,50.68,156.12,47.93,62,26,12.73,1602981090
538,San Miguel,13.48,-88.18,75.81,90,60,2.77,1602981153
540,Nokaneng,-19.67,22.27,67.12,25,0,5.32,1602981153
546,Ilhabela,-23.78,-45.36,69.4,77,83,9.04,1602981154
548,Olinda,-8.01,-34.86,78.8,74,40,13.87,1602981154
551,Red Bluff,40.18,-122.24,98.6,13,1,9.17,1602981093
552,Contai,21.78,87.75,79.56,87,100,5.5,1602981154
553,Prince George,53.92,-122.75,33.8,64,20,5.82,1602981155
554,Tõrva,58.0,25.93,37.4,74,100,10.29,1602981155
558,Tazovsky,67.47,78.7,22.26,96,99,17.16,1602981082
562,Provideniya,64.38,-173.3,39.04,83,45,2.51,1602981155
563,Hammerfest,70.66,23.68,30.2,92,100,5.82,1602981155
565,São José da Coroa Grande,-8.9,-35.15,75.6,81,13,10.74,1602981156
576,Pangkalanbuun,-2.68,111.62,82.76,70,61,3.91,1602981156
581,La Palma,33.85,-118.05,82.4,42,1,5.82,1602981156
583,Shelburne,44.08,-80.2,44.01,69,1,3.36,1602980848
584,Rantepao,-2.97,119.9,75.63,69,72,1.1,1602980952
586,Banda Aceh,5.56,95.32,82.76,69,97,14.36,1602981157
591,Itoman,26.12,127.67,80.6,69,20,16.11,1602980685
593,Lagoa,39.05,-27.98,62.1,62,31,14.25,1602981078
597,Kashgar,39.45,75.98,50.0,39,0,8.95,1602981157
599,Upernavik,72.79,-56.15,35.46,95,100,13.73,1602981057
610,Isangel,-19.55,169.27,80.6,65,40,9.17,1602981158
618,Viedma,-40.81,-63.0,72.82,43,0,11.1,1602981158
622,Stellenbosch,-33.93,18.87,57.0,93,20,4.7,1602981158
624,Talnakh,69.49,88.4,26.6,92,92,8.95,1602981112
625,Troitsko-Pechorsk,62.71,56.2,25.5,98,43,6.67,1602981158
627,Dakar,14.69,-17.44,82.4,94,40,4.7,1602981079
628,Chapais,49.78,-74.85,32.0,89,1,2.24,1602980610
629,Bismarck,46.81,-100.78,30.2,50,75,13.87,1602981159
630,Leningradskiy,69.38,178.42,25.41,89,0,7.99,1602981075
634,Wyndham,37.7,-77.61,48.99,87,1,3.36,1602981160
641,Bonthe,7.53,-12.51,77.97,88,44,6.24,1602980660
642,Nchelenge,-9.35,28.73,75.63,52,45,3.89,1602981160
644,Sabha,27.04,14.43,75.51,19,0,9.6,1602981160
645,Lebu,-37.62,-73.65,51.4,92,35,6.24,1602981047
649,Naze,28.37,129.48,75.2,94,75,9.17,1602980919
653,Xiaoshi,41.3,124.12,46.4,81,0,4.47,1602981161
654,Comodoro Rivadavia,-45.87,-67.5,68.0,32,0,21.92,1602981161
655,Amahai,-3.33,128.92,80.76,81,96,4.52,1602980692
657,Marsh Harbour,26.54,-77.06,81.7,77,100,21.54,1602981161
658,Maniitsoq,65.42,-52.9,38.73,96,97,10.04,1602980859
659,Bereda,43.27,-7.54,50.0,100,100,1.99,1602981154
663,Saint-Augustin,51.23,-58.65,55.98,89,97,16.64,1602981162
664,Hokitika,-42.72,170.97,56.89,86,84,4.54,1602981162
666,Sabinas,27.85,-101.12,79.56,48,0,12.17,1602980997
668,Kismayo,-0.36,42.55,78.03,78,30,12.82,1602981241
669,Coffs Harbour,-30.3,153.13,81.0,61,95,9.17,1602981246
672,Kahului,20.89,-156.47,91.4,49,40,11.41,1602981026
678,Saint-Joseph,-21.37,55.62,69.01,68,20,2.24,1602981251
680,Belyy Yar,53.6,91.39,46.4,63,100,8.95,1602981254
681,Ust'-Omchug,61.15,149.63,22.1,83,95,4.14,1602981259
687,Ucluelet,48.93,-125.55,53.01,81,90,3.36,1602981114
691,Debre Tabor,11.85,38.02,49.53,89,22,3.15,1602981268
692,Suchitoto,13.94,-89.03,80.6,74,20,5.82,1602981274
694,Meiktila,20.87,95.87,77.02,79,100,2.17,1602981276
697,Healdsburg,38.61,-122.87,91.4,13,1,5.82,1602981277
698,Preobrazheniye,42.9,133.91,57.45,54,0,11.01,1602981277
699,Jumla,29.27,82.18,50.29,48,95,4.7,1602981150
703,Sisimiut,66.94,-53.67,38.53,83,100,21.43,1602981277
707,Esim,4.87,-2.24,77.16,89,100,6.6,1602981277
709,Atar,20.52,-13.05,88.09,28,52,6.53,1602981278
710,Salta,-24.79,-65.41,77.0,44,0,8.05,1602981278
715,Lebanon,36.21,-86.29,57.2,44,1,3.36,1602981169
717,Peruíbe,-24.32,-47.0,65.39,82,100,5.48,1602981278
719,San Quintín,30.48,-115.95,72.79,68,0,10.29,1602981278
720,Malindi,-3.22,40.12,76.77,81,0,10.8,1602981279
721,La Malbaie,47.66,-70.16,39.0,83,89,1.99,1602981279
723,Stokmarknes,68.56,14.91,37.0,68,31,13.0,1602981279
724,Karpathos,35.51,27.21,73.4,100,100,2.24,1602981279
727,Merritt Island,28.54,-80.67,75.2,88,90,9.17,1602981018
729,Kailua,21.4,-157.74,82.99,69,40,8.05,1602981280
730,Seoul,37.57,126.98,53.6,62,1,1.77,1602981244
735,Bezhta,42.13,46.13,41.67,63,0,1.88,1602981029
741,Aden,12.78,45.04,83.08,69,0,9.35,1602981281
751,Urusha,54.05,122.9,25.43,78,85,3.42,1602981281
753,Nanortalik,60.14,-45.24,38.8,83,23,1.61,1602981281
754,Smithers,54.78,-127.17,35.6,74,75,11.41,1602981202
761,Coquimbo,-29.95,-71.34,53.6,87,0,4.7,1602981123
763,Sechura,-5.56,-80.82,66.87,75,88,12.46,1602981282
765,Kalemie,-5.95,29.19,73.49,67,57,4.88,1602981138
772,Codrington,-38.27,141.97,52.52,72,100,7.99,1602981085
774,Port Blair,11.67,92.75,78.28,86,100,10.74,1602981255
780,Las Vegas,36.17,-115.14,91.4,7,1,3.36,1602981079
781,Mugumu,-1.85,34.7,66.25,60,67,6.62,1602981283
782,San Francisco,37.77,-122.42,87.8,25,1,11.41,1602981185
783,Dunda,-8.12,34.25,65.35,68,0,4.38,1602981284
785,Taseyevo,57.22,94.9,43.61,75,100,7.38,1602981284
791,Saurimo,-9.66,20.39,65.75,86,0,2.73,1602981096
792,Troitskoye,52.98,84.68,51.51,45,100,15.41,1602981284
793,Saint-Philippe,-21.36,55.77,69.01,68,38,2.24,1602981284
799,Chui,-33.7,-53.46,61.57,83,100,8.46,1602981345
801,Buala,-8.14,159.59,86.32,68,67,4.99,1602981345
802,Talcahuano,-36.72,-73.12,55.4,71,75,3.36,1602981077
804,Cascais,38.7,-9.42,60.01,96,95,6.87,1602981345
811,Pāvilosta,56.89,21.19,44.6,93,100,10.29,1602981345
812,Ouango,4.31,22.56,70.59,96,99,1.34,1602981346
813,Bengkulu,-3.8,102.27,77.77,81,100,2.8,1602981064
818,Owando,-0.48,15.9,71.51,93,100,1.45,1602981346
819,Nago,26.59,127.98,78.8,74,1,12.75,1602981346
826,Tual,-5.67,132.75,80.74,81,50,16.46,1602981346
829,Aksarka,66.56,67.8,21.67,95,100,7.94,1602981347
830,Kikwit,-5.04,18.82,71.1,94,100,1.43,1602981347
832,Hūn,29.13,15.95,68.2,90,18,10.96,1602981347
833,Chumikan,54.72,135.31,29.57,92,100,11.63,1602981140
839,Hanover,52.37,9.73,46.99,93,0,5.82,1602981347
842,Pangai,-19.8,-174.35,82.4,78,20,10.29,1602981139
845,Kalengwa,-13.47,25.0,63.28,46,0,4.97,1602981348
849,Orange Walk District,17.83,-88.83,77.0,94,40,2.46,1602981348
856,Pyshma,56.95,63.25,32.04,94,14,11.32,1602981348
862,Dwārka,22.24,68.97,82.9,79,2,12.12,1602981349
863,Diamantino,-14.41,-56.45,78.73,63,16,7.7,1602981349
874,Khovd,48.01,91.64,32.97,73,7,2.06,1602981349
875,Samarai,-10.62,150.67,80.92,80,71,11.1,1602980851
878,Mezen',65.85,44.24,33.75,97,100,4.74,1602981350
880,Mago,53.25,140.18,39.34,71,100,0.87,1602981350
883,Saint-Pierre,-21.34,55.48,69.01,68,3,2.24,1602981066
888,Martapura,-3.42,114.85,77.0,94,20,4.7,1602981350
892,Halmstad,56.67,12.86,51.8,81,52,16.11,1602981350
893,Strezhevoy,60.73,77.59,30.2,92,75,13.42,1602980886
895,Moree,-29.47,149.85,77.0,38,99,12.75,1602980708
897,Ambilobe,-13.2,49.05,69.08,79,0,3.2,1602980798
900,Necochea,-38.55,-58.74,72.0,69,0,8.99,1602980879
903,Evensk,61.95,159.23,37.11,77,100,15.64,1602981352
905,Mulegé,26.88,-111.98,82.36,52,0,2.04,1602981352
917,Ippy,6.27,21.22,68.99,91,97,2.64,1602981352
920,Delvinë,39.95,20.1,59.0,87,0,3.36,1602981353
923,Tyup,42.73,78.36,42.04,60,1,2.66,1602980809
924,Korla,41.76,86.15,47.95,47,97,3.76,1602981353
929,Luanda,-8.84,13.23,77.0,83,20,5.82,1602981059
932,Gizo Government Station,-8.1,156.84,82.45,75,100,8.08,1602981354
937,Ongandjera,-17.88,15.07,72.18,22,29,8.37,1602981354
942,Kostomuksha,64.57,30.58,37.98,94,100,5.08,1602981355
945,Baker City,44.77,-117.83,62.6,27,20,10.29,1602981355
949,Katangli,51.71,143.23,46.17,74,73,15.26,1602981355
950,Ulaanbaatar,47.91,106.88,21.2,85,0,2.24,1602981355
963,Gouré,13.98,10.27,87.01,45,0,5.99,1602981356
964,Krāslava,55.9,27.17,34.05,90,100,3.74,1602981416
967,Atasū,48.68,71.64,47.77,49,87,10.18,1602981416
969,Tulun,54.56,100.58,38.98,73,100,6.11,1602981416
975,Canguçu,-31.39,-52.68,64.99,89,100,6.58,1602981416
977,Coyhaique,-45.58,-72.07,46.4,75,90,8.05,1602981417
980,Bandar-e Lengeh,26.56,54.88,77.0,41,0,9.17,1602981417
983,Chokurdakh,70.63,147.92,23.5,98,100,5.99,1602981132
990,Chany,55.31,76.76,32.94,87,0,17.2,1602981417
991,Le Port,-20.94,55.29,69.8,73,33,6.93,1602981418
1001,Sorong,-0.88,131.25,81.86,80,100,12.84,1602981159
1006,Oriximiná,-1.77,-55.87,81.73,66,50,2.24,1602981418
1010,Bogatynia,50.91,14.96,45.0,92,96,1.99,1602981419
1015,Horqueta,-23.34,-57.06,79.59,55,92,7.23,1602981419
1019,Ahipara,-35.17,173.17,62.89,60,2,8.12,1602981419
1024,Dhidhdhoo,6.88,73.1,82.2,77,100,12.95,1602981419
1028,Hervey Bay,-25.3,152.85,80.01,50,40,11.41,1602981420
1036,Vao,-22.67,167.48,71.51,60,0,10.51,1602981420
1038,Garissa,-0.45,39.64,75.79,75,99,16.13,1602981420
1042,Ca Mau,9.18,105.15,81.79,82,100,6.6,1602981420
1043,Praia da Vitória,38.73,-27.07,60.8,63,20,12.35,1602981420
1044,Ballina,-28.87,153.57,84.2,42,9,4.7,1602981063
1051,Muros,42.78,-9.06,53.6,87,75,4.7,1602981119
1056,Bokhan,53.15,103.77,36.57,78,70,4.21,1602981421
1060,Galashki,43.11,44.99,42.8,93,0,6.71,1602981421
1067,Port Hedland,-20.32,118.57,78.8,50,0,18.34,1602981422
1068,Wārāseonī,21.75,80.03,73.36,91,46,4.36,1602981422
1071,Ayan,56.45,138.17,30.36,83,100,10.4,1602981128
1080,Vysokogornyy,50.12,139.15,37.9,78,93,15.1,1602981047
1083,Povenets,62.85,34.83,41.34,88,100,13.56,1602981422
1085,Soe,-9.86,124.28,85.5,33,4,3.58,1602981423
1086,Lethem,3.38,-59.8,84.04,49,100,4.52,1602981210
1087,Auki,-8.77,160.7,85.73,70,24,3.38,1602981423
1092,Vinh,18.67,105.67,67.15,92,100,20.45,1602981250
1096,Caçu,-18.56,-51.13,79.07,53,100,2.66,1602981424
1098,Novosheshminsk,55.07,51.23,32.34,95,1,6.06,1602981424
1101,Redlands,34.06,-117.18,93.2,14,40,8.05,1602981310
1105,Darlawn,24.02,92.9,67.87,100,100,2.04,1602981424
1106,Laguna,38.42,-121.42,95.0,13,1,3.36,1602981045
1111,Plaridel,14.89,120.86,79.0,94,75,2.24,1602981425
1112,Tizimín,21.15,-88.15,75.92,94,0,5.23,1602981425
1117,Isla Mujeres,21.23,-86.73,82.4,83,75,6.93,1602981425
1119,Gamba,-2.65,10.0,76.46,88,100,6.15,1602981425
1120,Ponta Delgada,37.73,-25.67,62.6,67,75,8.05,1602981160
1127,Baracoa,20.35,-74.5,80.78,85,69,6.31,1602981498
1129,Richards Bay,-28.78,32.04,68.99,87,0,9.51,1602981500
1133,Zyryanka,65.75,150.85,28.45,95,99,5.57,1602981071
1134,Zhanakorgan,43.91,67.25,47.46,52,43,4.12,1602981502
1135,Quatre Cocos,-20.21,57.76,69.8,83,20,3.36,1602981503
1136,Campina Grande do Sul,-25.31,-49.06,55.4,87,75,8.05,1602981503
1139,Laredo,27.51,-99.51,82.4,54,1,11.41,1602981286
1142,Rāpar,23.57,70.63,84.2,70,41,3.67,1602981505
1146,San-Pédro,4.75,-6.64,76.86,92,69,5.23,1602981505
1150,Kaeo,-35.1,173.78,69.01,62,0,5.01,1602981506
1154,Grand-Santi,4.25,-54.38,76.66,78,1,3.42,1602981507
1161,Nizwá,22.93,57.53,69.51,21,53,6.69,1602981508
1167,Tessalit,20.2,1.01,82.2,17,0,8.14,1602981509
1169,Pringsewu,-5.36,104.97,80.2,82,13,3.56,1602981510
1170,East Brainerd,35.0,-85.15,55.99,62,5,6.02,1602981510
1174,Maragogi,-9.01,-35.22,75.22,81,19,10.36,1602981119
1177,Saint Lawrence,40.33,-75.87,50.0,53,1,2.17,1602981510
1180,Governador Valadares,-18.85,-41.95,70.03,77,100,1.48,1602981511
1184,Martin,27.08,-80.42,82.4,61,40,12.75,1602981511
1186,Ixtapa,20.7,-105.2,87.8,74,40,6.93,1602980951
1194,Srikakulam,18.3,83.9,77.81,87,99,7.36,1602981352
1195,Mahdalynivka,48.92,34.92,59.0,87,40,6.71,1602981511
1196,Sawākin,19.11,37.33,80.47,74,0,6.26,1602981512
1200,Adrar,20.5,-10.07,86.05,23,0,10.31,1602981071
1203,Ruidoso,33.33,-105.67,71.6,13,1,11.41,1602981096
1207,Tagusao,9.19,117.81,82.98,72,54,5.5,1602981092
1208,Ashford,51.15,0.87,51.01,82,100,6.78,1602981512
1209,Kawardha,22.02,81.25,74.23,85,4,3.96,1602981513
1213,Anadyr,64.75,177.48,37.4,74,39,4.47,1602981403
1214,Asău,46.43,26.4,45.0,85,12,4.63,1602981513
1216,Merauke,-8.47,140.33,83.73,63,4,11.88,1602981514
1219,Broken Hill,-31.95,141.43,55.4,71,75,14.99,1602981514
1228,Moreira Sales,-24.06,-53.01,69.71,56,2,7.31,1602981514
1232,Mareeba,-17.0,145.43,84.0,57,75,8.05,1602981515
1236,San Juan,-31.54,-68.54,81.86,24,0,12.73,1602981515
1237,Sola,-13.88,167.55,82.4,78,90,18.16,1602981515
1241,Goderich,43.75,-81.72,51.01,57,100,26.73,1602981515
1243,Merke,42.87,73.18,53.17,40,0,4.38,1602981515
1254,Coos Bay,43.37,-124.22,62.01,72,1,19.46,1602981516
1256,Eydhafushi,5.1,73.07,82.26,76,22,14.45,1602981516
1257,Belaya Gora,68.53,146.42,22.28,97,99,11.63,1602981516
1266,Xinmin,41.99,122.83,46.4,81,0,4.47,1602981516
1267,Bertinoro,44.15,12.14,51.01,93,0,3.36,1602981516
1279,Havelock,34.88,-76.9,57.99,63,0,9.28,1602981505
1282,Makokou,0.57,12.86,69.48,97,100,2.21,1602981517
1283,Mehamn,71.04,27.85,37.06,77,77,12.64,1602981110
1285,Turan,16.07,108.22,77.0,94,75,2.53,1602981579
1298,Cartagena del Chairá,1.33,-74.84,73.71,90,97,1.34,1602981583
1300,Aripuanã,-9.17,-60.63,78.55,67,55,1.28,1602981586
1303,Ancud,-41.87,-73.82,50.0,87,90,12.75,1602981113
1311,Mossamedes,-15.2,12.15,68.99,73,55,5.55,1602981588
1312,Nieves,15.33,120.95,78.8,83,75,2.24,1602981589
1324,Nouadhibou,20.93,-17.03,77.0,57,0,16.11,1602981590
1326,Uray,60.12,64.78,30.36,91,0,12.88,1602981590
1329,Raja,8.46,25.68,69.12,88,100,4.45,1602981590
1330,Robertson,36.52,-86.87,57.2,35,1,8.28,1602981591
1336,Zaysan,47.47,84.87,42.76,54,0,3.4,1602981591
1338,Níjar,36.97,-2.21,59.0,77,0,5.82,1602981591
1340,Yakeshi,49.28,120.73,33.73,78,0,13.85,1602981591
1343,Rāzole,16.48,81.83,76.55,94,100,3.78,1602981591
1344,Nemuro,43.32,145.57,55.4,62,20,6.93,1602981082
1345,Carlsbad,33.16,-117.35,75.99,83,1,8.05,1602981555
1346,Laem Sing,12.48,102.07,74.55,95,100,4.7,1602981592
1348,Sabzawār,36.21,57.68,45.79,51,0,5.61,1602981592
1351,Luocheng,29.38,104.03,56.28,88,90,0.58,1602981592
1360,Totness,5.88,-56.32,81.03,79,100,11.68,1602981592
1368,Kiunga,-6.12,141.29,84.43,67,64,4.94,1602981593
1376,Akdepe,42.06,59.38,42.8,70,0,4.7,1602981593
1378,Grants Pass,42.44,-123.33,78.8,21,1,12.75,1602981487
1381,Lake City,30.19,-82.64,70.0,77,1,6.93,1602981584
1382,Derventa,44.98,17.91,46.0,93,61,2.24,1602981594
1386,Hamilton,39.18,-84.53,55.0,43,1,4.7,1602981419
1390,Hirado,33.36,129.55,72.0,56,40,12.75,1602981594
1393,Kharp,66.8,65.81,24.69,95,100,9.24,1602981595
1394,Tres Arroyos,-38.37,-60.28,70.99,79,0,12.86,1602981595
1396,Plettenberg Bay,-34.05,23.37,58.86,88,39,8.08,1602981596
1404,Hattiesburg,31.33,-89.29,60.8,63,1,3.29,1602981597
1409,Tyssedal,60.12,6.56,42.01,69,11,5.01,1602981597
1411,Assiut,27.18,31.18,71.6,56,0,13.87,1602981597
1419,Padang,-0.95,100.35,81.37,70,100,1.66,1602981053
1424,Tsabong,-26.02,22.4,78.03,21,0,8.66,1602981598
1427,Micheweni,-4.97,39.83,75.69,80,24,6.46,1602981598
1435,Markova,48.68,24.41,40.75,86,78,4.09,1602981598
1436,Bloemfontein,-29.12,26.21,57.2,44,0,2.24,1602981536
1439,Bay City,43.59,-83.89,53.01,29,90,23.04,1602981598
1440,Kuril'sk,45.23,147.88,55.92,69,0,8.63,1602981599
1447,Inírida,3.87,-67.92,74.44,95,67,2.59,1602981599
1450,Tuy Hoa,13.08,109.3,79.77,82,100,3.44,1602981599
1451,Camaçari,-12.7,-38.32,78.8,74,40,5.82,1602981599
1453,Ambunti,-4.24,142.84,88.7,58,100,3.4,1602981600
1454,Langham,52.37,-106.97,27.0,49,75,17.22,1602981600
1456,Cheremkhovo,53.16,103.07,35.37,82,97,7.43,1602981600
1457,Waingapu,-9.66,120.26,84.79,54,7,7.05,1602981669
1462,Flinders,-34.58,150.86,75.0,59,72,3.0,1602981111
1470,Taltal,-25.4,-70.48,59.09,71,10,4.65,1602981693
1471,Faya,18.39,42.45,57.2,30,0,5.21,1602981694
1472,Yeppoon,-23.13,150.73,82.4,37,40,5.82,1602981694
1478,Neuquén,-38.95,-68.06,82.4,14,0,10.29,1602981564
1489,Lewisporte,49.25,-55.05,61.0,100,90,17.22,1602981694
1491,Kurumkan,54.3,110.3,32.88,92,99,0.98,1602981694
1495,Kilindoni,-7.91,39.67,77.67,78,27,5.75,1602981695
1496,Ormara,25.21,64.64,80.78,27,0,18.48,1602981695
1497,Floriano,-6.77,-43.02,83.73,24,100,4.94,1602981695
1508,Lapua,62.97,23.01,33.01,96,0,1.01,1602981696
1510,Pacific Grove,36.62,-121.92,84.2,21,1,4.7,1602981696
1518,Nuevitas,21.55,-77.26,78.8,88,100,6.93,1602981696
1521,Bazarnye Mataki,54.88,49.93,33.17,92,100,7.56,1602981698
1523,Jaqué,7.52,-78.17,79.93,83,100,2.66,1602981711
1530,Bonavista,48.65,-53.11,48.0,84,100,5.01,1602981715
1533,Shahrud,36.42,54.98,48.38,41,0,0.69,1602981715
1535,Okhotsk,59.38,143.3,27.0,79,84,13.53,1602981716
1543,Ciudad del Carmen,18.63,-91.83,82.4,78,40,5.82,1602981653
1544,Santa Rosalía,27.32,-112.28,80.92,47,0,1.68,1602981716
1548,Caucaia,-3.74,-38.65,80.6,78,40,11.41,1602981716
1555,Mananara,-16.17,49.77,67.87,86,32,4.25,1602981717
1556,College,64.86,-147.8,28.99,39,75,3.36,1602981717
1557,Vila,42.03,-8.16,48.99,93,100,3.4,1602981717
1559,Ouégoa,-20.35,164.43,76.01,67,43,9.17,1602981718
1567,Shangzhi,45.22,127.97,43.47,61,0,10.83,1602981718
1580,Huarmey,-10.07,-78.15,63.23,83,9,7.05,1602981718
1581,São Félix do Xingu,-6.64,-51.99,78.4,61,100,2.01,1602981718
1584,Yar-Sale,66.83,70.83,21.69,95,100,14.83,1602981144
1586,Gazli,40.13,63.45,48.92,50,0,3.89,1602981719
1589,Herrin,37.8,-89.03,59.0,51,1,6.93,1602981719
1597,North Bend,43.41,-124.22,62.01,72,1,19.46,1602981719
1598,Tooele,40.53,-112.3,66.99,32,1,7.67,1602981516
1602,Chimbote,-9.09,-78.58,62.08,87,12,6.06,1602981720
1609,Aktash,50.3,87.73,24.35,81,98,5.1,1602981720
1620,Lorengau,-2.02,147.27,85.23,69,2,10.45,1602981720
1621,Monroe,43.15,-77.68,48.0,75,20,7.45,1602981720
1622,Östersund,63.18,14.64,32.0,90,100,11.41,1602981720
1623,Pandan,14.05,124.17,84.2,79,100,9.86,1602981721
1625,Raahe,64.68,24.48,37.99,93,90,6.93,1602981721
1628,Alta Floresta,-9.88,-56.09,79.75,53,2,2.84,1602981722
1630,Caconda,-13.73,15.07,65.71,71,22,1.88,1602981722
1634,Pahrump,36.21,-115.98,88.0,7,1,11.41,1602981723
1638,Raudeberg,61.99,5.14,44.01,71,51,23.89,1602981723
1641,St. Pete Beach,27.73,-82.74,82.0,1,52,17.27,1602981723
1642,Monrovia,6.3,-10.8,77.0,94,75,9.19,1602981723
1647,Bela,25.93,81.98,75.56,52,0,0.96,1602981783
1648,Yekaterinovka,52.05,44.35,48.56,64,100,20.15,1602981784
1653,Sakakah,29.97,40.21,68.0,22,0,8.05,1602981784
1661,Batagay-Alyta,67.8,130.41,17.58,92,100,4.54,1602981784
1662,Grafton,42.21,-71.69,44.6,56,1,5.82,1602981632
1664,Kingman,35.19,-114.05,87.8,7,1,10.29,1602981585
1665,Makakilo City,21.35,-158.09,82.4,74,1,5.82,1602981785
1669,Leer,53.23,7.46,46.0,95,90,9.08,1602981785
1675,Kerchevskiy,59.95,56.29,31.08,95,100,6.44,1602981785
1676,Prince Rupert,54.32,-130.32,46.4,81,90,3.36,1602981785
1678,Nehe,48.48,124.83,36.54,71,86,6.53,1602981786
1685,Edson,53.58,-116.44,21.2,73,90,4.7,1602981685
1687,Nyrob,60.73,56.72,29.37,96,90,5.17,1602981786
1694,Tāybād,34.74,60.78,51.64,40,0,14.45,1602981787
1698,Paka,4.64,103.44,82.4,88,40,3.36,1602981787
1701,Udachny,66.42,112.4,5.0,92,0,4.47,1602981699
1704,Havre-St-Pierre,50.23,-63.6,48.2,100,90,17.22,1602981787
1705,Esperance,-33.87,121.9,57.2,82,0,12.75,1602981717
1710,Chokwé,-24.53,32.98,69.46,74,0,9.24,1602981788
1714,Lata,40.16,-8.33,60.01,93,20,5.82,1602981783
1715,Puro,12.48,123.38,84.4,73,38,5.44,1602981788
1717,Daşoguz,41.84,59.97,42.8,70,0,4.7,1602981788
1720,Flin Flon,54.77,-101.86,27.37,95,100,9.46,1602981789
1723,Porterville,36.07,-119.02,91.4,27,1,5.82,1602981582
1727,Natchitoches,31.77,-93.13,68.0,64,90,10.2,1602981582
1734,Road Town,18.42,-64.62,81.0,90,6,1.01,1602981604
1739,Hauterive,46.09,3.45,48.2,87,90,1.12,1602981790
1740,Espinosa,-14.93,-42.82,73.54,68,91,10.54,1602981790
1746,Porto Belo,-27.16,-48.55,66.2,88,20,1.12,1602981790
1756,Aloleng,16.13,119.78,83.44,72,94,5.12,1602981790
1757,Torata,-17.08,-70.84,57.31,47,0,0.94,1602981790
1766,Santa Maria,-29.68,-53.81,64.29,66,100,4.16,1602981512
1779,Derzhavīnsk,51.1,66.32,39.83,69,1,12.28,1602981668
1780,Fujin,47.26,132.03,37.71,73,0,14.58,1602981791
1783,Tiarei,-17.53,-149.33,82.4,74,75,18.34,1602981791
1784,Santa Isabel Rio Negro,-0.41,-65.02,80.24,69,63,2.8,1602981791
1786,Kinsale,51.71,-8.53,53.01,93,75,13.87,1602981792
1790,Laas,46.62,10.7,39.99,93,75,6.93,1602981792
1793,Alyangula,-13.85,136.42,86.0,62,40,5.82,1602981792
1797,Ulcinj,41.93,19.22,53.6,87,75,2.24,1602981792
1799,Mitú,1.2,-70.17,72.57,96,1,2.19,1602981792
1805,Manaure,11.78,-72.44,85.35,70,20,10.96,1602981793
1807,Ambon City,-3.7,128.18,80.6,88,75,3.36,1602981749
1809,Taoudenni,22.68,-3.98,82.63,21,0,7.56,1602981770
1812,Qandala,11.47,49.87,80.98,43,0,3.02,1602981793
1816,Barabai,-2.58,115.38,85.06,66,61,1.5,1602981674
1827,Aberdeen,57.14,-2.1,43.0,93,75,6.93,1602981650
1832,Nānākuli,21.39,-158.15,82.4,74,1,5.82,1602981794
1835,Puerto del Rosario,28.5,-13.86,69.8,73,75,3.36,1602981854
1836,Ust-Tsilma,65.44,52.15,29.61,96,80,5.26,1602981855
1837,Ginda,30.69,78.49,54.88,33,0,6.04,1602981855
1839,Yokadouma,3.52,15.05,69.12,95,100,1.74,1602981855
1840,Presidencia Roque Sáenz Peña,-26.79,-60.44,75.49,77,0,8.16,1602981855
1841,Abhā,18.22,42.51,57.2,30,0,7.56,1602981856
1848,San Jose,37.34,-121.89,93.2,13,20,8.05,1602981617
1850,Acajutla,13.59,-89.83,80.69,77,33,5.66,1602981663
1851,Saint-Louis,16.33,-15.0,87.8,66,0,2.24,1602981856
1852,Mananjary,-21.22,48.33,71.08,90,97,10.11,1602981856
1853,Sulangan,11.14,123.72,84.24,72,90,4.99,1602981857
1858,Marystown,47.17,-55.15,57.0,100,100,3.0,1602981787
1861,Granada,37.25,-3.25,51.01,39,0,1.99,1602981857
1864,Kumul,42.8,93.45,46.53,45,0,5.44,1602981857
1867,Baie-Comeau,49.22,-68.15,39.2,93,90,16.11,1602981746
1868,Spearfish,44.49,-103.86,30.0,92,90,6.93,1602981858
1873,Cabañas,22.98,-82.92,78.8,88,40,9.17,1602981858
1882,Luwingu,-10.26,29.93,68.56,54,67,8.01,1602981858
1887,Pedersore,63.65,22.68,39.99,93,75,3.36,1602981859
1889,Inuvik,68.35,-133.72,23.0,53,20,2.24,1602981712
1890,Léo,11.1,-2.1,79.05,67,48,5.14,1602981859
1894,Bilma,18.69,12.92,82.31,17,0,1.77,1602981802
1896,Amapá,1.0,-52.0,72.63,93,0,2.62,1602981859
1898,Silver City,32.77,-108.28,75.2,16,1,12.75,1602981860
1900,Macklin,52.33,-109.93,21.99,81,18,10.49,1602981860
1906,La Cruz,23.92,-106.9,87.01,83,0,5.99,1602981860
1909,Gopālpur,19.27,84.92,79.05,84,78,8.34,1602981860
1910,Horsham,51.06,-0.33,48.2,81,75,4.7,1602981564
1911,Guerrero Negro,27.98,-114.06,75.9,63,23,12.86,1602981743
1918,Burnie,-41.07,145.92,59.0,45,19,10.0,1602981861
1924,Pirgos,35.12,25.72,73.0,85,27,1.99,1602981861
1929,Hambantota,6.12,81.12,73.4,100,40,5.82,1602981861
1938,Victor Harbor,-35.57,138.62,57.0,59,99,1.99,1602981862
1939,Beira,-19.84,34.84,68.0,94,20,2.24,1602981862
1940,Nahariya,33.01,35.09,73.47,67,0,7.58,1602981862
1943,Bilibino,68.05,166.44,22.98,95,100,2.64,1602981862
1949,Itatskiy,56.07,89.04,45.37,64,100,12.48,1602981862
1950,Cockburn Town,21.46,-71.14,83.57,80,64,20.89,1602981750
1953,Lawrenceburg,38.04,-84.9,53.6,37,1,4.7,1602981863
1955,Astoria,46.19,-123.83,57.0,76,90,6.93,1602981608
1956,Mayo,38.89,-76.51,48.99,93,1,6.17,1602981819
1960,Vilhena,-12.74,-60.15,75.02,64,67,0.45,1602981863
1963,Baruun-Urt,46.68,113.28,37.08,73,0,10.85,1602981778
1964,Bocicoiu Mare,47.97,24.0,46.4,93,100,4.7,1602981864
1965,Kaduqli,11.02,29.72,75.58,64,67,2.01,1602981864
1973,Hay River,60.82,-115.8,26.6,79,90,14.99,1602981729
1976,Ratnagiri,16.98,73.3,75.42,90,34,6.26,1602981864
1980,Venado,22.93,-101.08,67.35,51,0,8.08,1602981864
1981,Taree,-31.9,152.47,69.8,77,90,2.24,1602981865
1983,Gbarnga,7.0,-9.47,71.06,98,99,1.39,1602981865
1986,Requena,39.49,-1.1,43.0,75,0,1.7,1602981925
1988,Matara,5.95,80.54,77.77,84,90,10.67,1602981925
1990,Dudinka,69.41,86.18,26.6,92,99,8.95,1602981734
